entity_id,type,debit,credit,amount,currency,fee,tax,on_hold,settled,created_at,settled_at,settlement_id,posted_at,description,notes,payment_id,settlement_utr,order_id,order_receipt,method,card_network,card_issuer,card_type,dispute_id
pay_7_00001,payment,0,548925,548925,INR,10978,1976,false,true,1780272000,1780272000,setl_7_000,1780272000,payment settled,,pay_7_00001,,ord_7_00001,,card,,,,
pay_7_00002,payment,0,500000,500000,INR,10000,1800,false,true,1780272000,1780272000,setl_7_000,1780272000,payment settled,,pay_7_00002,,ord_7_00002,,upi,,,,
rfnd_7_00003,refund,500000,0,500000,INR,0,0,false,true,1780272000,1780272000,setl_7_000,1780272000,refund settled,,rfnd_7_00003,,ord_7_00002,,card,,,,
pay_7_00004,payment,0,12100,12100,INR,242,44,false,true,1780272000,1780272000,setl_7_000,1780272000,payment settled,,pay_7_00004,,ord_7_00004,,card,,,,
pay_7_00006,payment,0,5300,5300,INR,106,19,false,true,1780272000,1780272000,setl_7_000,1780272000,payment settled,,pay_7_00006,,ord_7_00006,,card,,,,
pay_7_00007,payment,0,500000,500000,INR,10000,1800,false,true,1780272000,1780272000,setl_7_000,1780272000,payment settled,,pay_7_00007,,ord_7_00007,,upi,,,,
pay_7_00008,payment,0,400000,400000,INR,8000,1440,false,true,1780272000,1780272000,setl_7_000,1780272000,payment settled,,pay_7_00008,,ord_7_00008,,upi,,,,
pay_7_00009,payment,0,2585549,2585549,INR,51711,9308,false,true,1780272000,1780272000,setl_7_000,1780272000,payment settled,,pay_7_00009,,ord_7_00009,,card,,,,
rfnd_7_00010,refund,646387,0,646387,INR,0,0,false,true,1780272000,1780272000,setl_7_000,1780272000,refund settled,,rfnd_7_00010,,ord_7_00009,,card,,,,
pay_7_00011,payment,0,1618899,1618899,INR,32378,5828,false,true,1780272000,1780272000,setl_7_000,1780272000,payment settled,,pay_7_00011,,ord_7_00011,,netbanking,,,,
pay_7_00012,payment,0,50000,50000,INR,1000,180,false,true,1780272000,1780272000,setl_7_000,1780272000,payment settled,,pay_7_00012,,ord_7_00012,,upi,,,,
pay_7_00013,payment,0,44600,44600,INR,892,161,false,true,1780272000,1780272000,setl_7_000,1780272000,payment settled,,pay_7_00013,,ord_7_00013,,netbanking,,,,
pay_7_00014,payment,0,50000,50000,INR,1000,180,false,true,1780272000,1780272000,setl_7_000,1780272000,payment settled,,pay_7_00014,,ord_7_00014,,upi,,,,
hold_7_00015,payment,25000,0,25000,INR,0,0,true,true,1780272000,1780272000,setl_7_000,1780272000,chargeback_hold settled,,hold_7_00015,,ord_7_00014,,upi,,,,
pay_7_00016,payment,0,738100,738100,INR,14762,2657,false,true,1780272000,1780272000,setl_7_000,1780272000,payment settled,,pay_7_00016,,ord_7_00016,,card,,,,
pay_7_00017,payment,0,14763375,14763375,INR,295268,53148,false,true,1780272000,1780272000,setl_7_000,1780272000,payment settled,,pay_7_00017,,ord_7_00017,,card,,,,
pay_7_00018,payment,0,20000,20000,INR,460,83,false,true,1780272000,1780272000,setl_7_000,1780272000,payment settled,,pay_7_00018,,ord_7_00018,,upi,,,,
pay_7_00019,payment,0,600000,600000,INR,12000,2160,false,true,1780272000,1780272000,setl_7_000,1780272000,payment settled,,pay_7_00019,,ord_7_00019,,upi,,,,
pay_7_00020,payment,0,6900,6900,INR,138,25,false,true,1780272000,1780272000,setl_7_000,1780272000,payment settled,,pay_7_00020,,ord_7_00020,,card,,,,
pay_7_00021,payment,0,101099,101099,INR,2022,364,false,true,1780272000,1780272000,setl_7_000,1780272000,payment settled,,pay_7_00021,,ord_7_00021,,card,,,,
pay_7_00022,payment,0,500000,500000,INR,10000,1800,false,true,1780272000,1780272000,setl_7_000,1780272000,payment settled,,pay_7_00022,,ord_7_00022,,upi,,,,
pay_7_00023,payment,0,19900,19900,INR,398,72,false,true,1780272000,1780272000,setl_7_000,1780272000,payment settled,,pay_7_00023,,ord_7_00023,,netbanking,,,,
rfnd_7_00024,refund,9950,0,9950,INR,0,0,false,true,1780272000,1780272000,setl_7_000,1780272000,refund settled,,rfnd_7_00024,,ord_7_00023,,card,,,,
pay_7_00025,payment,0,19749,19749,INR,592,107,false,true,1780272000,1780272000,setl_7_000,1780272000,payment settled,,pay_7_00025,,ord_7_00025,,intl_card,,,,
pay_7_00026,payment,0,800000,800000,INR,16000,2880,false,true,1780272000,1780272000,setl_7_000,1780272000,payment settled,,pay_7_00026,,ord_7_00026,,upi,,,,
pay_7_00027,payment,0,800000,800000,INR,16000,2880,false,true,1780272000,1780272000,setl_7_000,1780272000,payment settled,,pay_7_00027,,ord_7_00026,,card,,,,
rfnd_7_00005,refund,3025,0,3025,INR,0,0,false,true,1780444800,1780444800,setl_7_001,1780444800,refund settled,,rfnd_7_00005,UTR700018109,ord_7_00004,,card,,,,
pay_7_00028,payment,0,700000,700000,INR,14000,2520,false,true,1780444800,1780444800,setl_7_001,1780444800,payment settled,,pay_7_00028,UTR700018109,ord_7_00028,,upi,,,,
pay_7_00029,payment,0,7621600,7621600,INR,152432,27438,false,true,1780444800,1780444800,setl_7_001,1780444800,payment settled,,pay_7_00029,UTR700018109,ord_7_00029,,card,,,,
rfnd_7_00030,refund,1905400,0,1905400,INR,0,0,false,true,1780444800,1780444800,setl_7_001,1780444800,refund settled,,rfnd_7_00030,UTR700018109,ord_7_00029,,card,,,,
pay_7_00031,payment,0,50000,50000,INR,1000,180,false,true,1780444800,1780444800,setl_7_001,1780444800,payment settled,,pay_7_00031,UTR700018109,ord_7_00031,,upi,,,,
pay_7_00032,payment,0,9976200,9976200,INR,199524,35914,false,true,1780444800,1780444800,setl_7_001,1780444800,payment settled,,pay_7_00032,UTR700018109,ord_7_00032,,netbanking,,,,
pay_7_00033,payment,0,90000,90000,INR,1800,324,false,true,1780444800,1780444800,setl_7_001,1780444800,payment settled,,pay_7_00033,UTR700018109,ord_7_00033,,upi,,,,
pay_7_00034,payment,0,1232700,1232700,INR,24654,4438,false,true,1780444800,1780444800,setl_7_001,1780444800,payment settled,,pay_7_00034,UTR700018109,ord_7_00034,,card,,,,
pay_7_00035,payment,0,300000,300000,INR,6000,1080,false,true,1780444800,1780444800,setl_7_001,1780444800,payment settled,,pay_7_00035,UTR700018109,ord_7_00035,,upi,,,,
pay_7_00036,payment,0,1086700,1086700,INR,21734,3912,false,true,1780444800,1780444800,setl_7_001,1780444800,payment settled,,pay_7_00036,UTR700018109,ord_7_00036,,card,,,,
pay_7_00037,payment,0,28501325,28501325,INR,855040,153907,false,true,1780444800,1780444800,setl_7_001,1780444800,payment settled,,pay_7_00037,UTR700018109,ord_7_00037,,intl_card,,,,
pay_7_00038,payment,0,35100,35100,INR,1053,190,false,true,1780617600,1780617600,setl_7_002,1780617600,payment settled,,pay_7_00038,,ord_7_00038,,intl_card,,,,
pay_7_00039,payment,0,14450,14450,INR,434,78,false,true,1780617600,1780617600,setl_7_002,1780617600,payment settled,,pay_7_00039,,ord_7_00039,,intl_card,,,,
pay_7_00040,payment,0,600000,600000,INR,12000,2160,false,true,1780617600,1780617600,setl_7_002,1780617600,payment settled,,pay_7_00040,,ord_7_00040,,upi,,,,
pay_7_00041,payment,0,200000,200000,INR,4000,720,false,true,1780617600,1780617600,setl_7_002,1780617600,payment settled,,pay_7_00041,,ord_7_00041,,upi,,,,
pay_7_00042,payment,0,552749,552749,INR,11055,1990,false,true,1780617600,1780617600,setl_7_002,1780617600,payment settled,,pay_7_00042,,ord_7_00042,,card,,,,
rfnd_7_00043,refund,552749,0,552749,INR,0,0,false,true,1780617600,1780617600,setl_7_002,1780617600,refund settled,,rfnd_7_00043,,ord_7_00042,,card,,,,
pay_7_00044,payment,0,7269000,7269000,INR,145380,26168,false,true,1780617600,1780617600,setl_7_002,1780617600,payment settled,,pay_7_00044,,ord_7_00044,,card,,,,
hold_7_00045,payment,3634500,0,3634500,INR,0,0,true,true,1780617600,1780617600,setl_7_002,1780617600,chargeback_hold settled,,hold_7_00045,,ord_7_00044,,card,,,,
pay_7_00046,payment,0,900000,900000,INR,18000,3240,false,true,1780617600,1780617600,setl_7_002,1780617600,payment settled,,pay_7_00046,,ord_7_00046,,upi,,,,
pay_7_00047,payment,0,800000,800000,INR,16000,2880,false,true,1780617600,1780617600,setl_7_002,1780617600,payment settled,,pay_7_00047,,ord_7_00047,,upi,,,,
rfnd_7_00048,refund,200000,0,200000,INR,0,0,false,true,1780617600,1780617600,setl_7_002,1780617600,refund settled,,rfnd_7_00048,,ord_7_00047,,card,,,,
pay_7_00049,payment,0,80000,80000,INR,1600,288,false,true,1780617600,1780617600,setl_7_002,1780617600,payment settled,,pay_7_00049,,ord_7_00049,,upi,,,,
pay_7_00050,payment,0,59700,59700,INR,1791,322,false,true,1780617600,1780617600,setl_7_002,1780617600,payment settled,,pay_7_00050,,ord_7_00050,,intl_card,,,,
pay_7_00051,payment,0,10686475,10686475,INR,213730,38471,false,true,1780790400,1780790400,setl_7_003,1780790400,payment settled,,pay_7_00051,UTR700031907,ord_7_00051,,card,,,,
pay_7_00052,payment,0,3125,3125,INR,94,17,false,true,1780790400,1780790400,setl_7_003,1780790400,payment settled,,pay_7_00052,UTR700031907,ord_7_00052,,intl_card,,,,
pay_7_00053,payment,0,500000,500000,INR,10000,1800,false,true,1780790400,1780790400,setl_7_003,1780790400,payment settled,,pay_7_00053,UTR700031907,ord_7_00053,,upi,,,,
pay_7_00054,payment,0,500000,500000,INR,10000,1800,false,true,1780790400,1780790400,setl_7_003,1780790400,payment settled,,pay_7_00054,UTR700031907,ord_7_00054,,upi,,,,
pay_7_00055,payment,0,15435050,15435050,INR,308701,55566,false,true,1780790400,1780790400,setl_7_003,1780790400,payment settled,,pay_7_00055,UTR700031907,ord_7_00055,,card,,,,
pay_7_00056,payment,0,3131749,3131749,INR,62635,11274,false,true,1780790400,1780790400,setl_7_003,1780790400,payment settled,,pay_7_00056,UTR700031907,ord_7_00056,,card,,,,
pay_7_00057,payment,0,7487675,7487675,INR,149754,26956,false,true,1780790400,1780790400,setl_7_003,1780790400,payment settled,,pay_7_00057,UTR700031907,ord_7_00057,,card,,,,
rfnd_7_00058,refund,1871919,0,1871919,INR,0,0,false,true,1780790400,1780790400,setl_7_003,1780790400,refund settled,,rfnd_7_00058,UTR700031907,ord_7_00057,,card,,,,
pay_7_00059,payment,0,8375,8375,INR,168,30,false,true,1780790400,1780790400,setl_7_003,1780790400,payment settled,,pay_7_00059,UTR700031907,ord_7_00059,,card,,,,
pay_7_00060,payment,0,5949,5949,INR,119,21,false,true,1780790400,1780790400,setl_7_003,1780790400,payment settled,,pay_7_00060,UTR700031907,ord_7_00060,,netbanking,,,,
pay_7_00061,payment,0,400000,400000,INR,8000,1440,false,true,1780790400,1780790400,setl_7_003,1780790400,payment settled,,pay_7_00061,UTR700031907,ord_7_00061,,upi,,,,
pay_7_00062,payment,0,500000,500000,INR,10000,1800,false,true,1780790400,1780790400,setl_7_003,1780790400,payment settled,,pay_7_00062,UTR700031907,ord_7_00062,,upi,,,,
hold_7_00063,payment,250000,0,250000,INR,0,0,true,true,1780790400,1780790400,setl_7_003,1780790400,chargeback_hold settled,,hold_7_00063,UTR700031907,ord_7_00062,,upi,,,,
pay_7_00064,payment,0,400000,400000,INR,8000,1440,false,true,1780790400,1780790400,setl_7_003,1780790400,payment settled,,pay_7_00064,UTR700031907,ord_7_00064,,upi,,,,
pay_7_00065,payment,0,62000,62000,INR,2170,391,false,true,1780790400,1780790400,setl_7_003,1780790400,payment settled,,pay_7_00065,UTR700031907,ord_7_00065,,intl_card,,,,
pay_7_00066,payment,0,30000,30000,INR,600,108,false,true,1780790400,1780790400,setl_7_003,1780790400,payment settled,,pay_7_00066,UTR700031907,ord_7_00066,,upi,,,,
pay_7_00067,payment,0,400000,400000,INR,8000,1440,false,true,1780790400,1780790400,setl_7_003,1780790400,payment settled,,pay_7_00067,UTR700031907,ord_7_00067,,upi,,,,
pay_7_00068,payment,0,60000,60000,INR,1200,216,false,true,1780790400,1780790400,setl_7_003,1780790400,payment settled,,pay_7_00068,UTR700031907,ord_7_00068,,upi,,,,
rfnd_7_00069,refund,15000,0,15000,INR,0,0,false,true,1780790400,1780790400,setl_7_003,1780790400,refund settled,,rfnd_7_00069,UTR700031907,ord_7_00068,,card,,,,
pay_7_00070,payment,0,150000,150000,INR,3000,540,false,true,1780790400,1780790400,setl_7_003,1780790400,payment settled,,pay_7_00070,UTR700031907,ord_7_00070,,upi,,,,
pay_7_00071,payment,0,250000,250000,INR,5000,900,false,true,1780790400,1780790400,setl_7_003,1780790400,payment settled,,pay_7_00071,UTR700031907,ord_7_00071,,upi,,,,
pay_7_00072,payment,0,4516199,4516199,INR,90324,16258,false,true,1780963200,1780963200,setl_7_004,1780963200,payment settled,,pay_7_00072,UTR700047731,ord_7_00072,,netbanking,,,,
pay_7_00073,payment,0,36099,36099,INR,1083,195,false,true,1780963200,1780963200,setl_7_004,1780963200,payment settled,,pay_7_00073,UTR700047731,ord_7_00073,,intl_card,,,,
pay_7_00074,payment,0,14400,14400,INR,288,52,false,true,1780963200,1780963200,setl_7_004,1780963200,payment settled,,pay_7_00074,UTR700047731,ord_7_00074,,card,,,,
pay_7_00075,payment,0,600000,600000,INR,12000,2160,false,true,1780963200,1780963200,setl_7_004,1780963200,payment settled,,pay_7_00075,UTR700047731,ord_7_00075,,upi,,,,
pay_7_00076,payment,0,165850,165850,INR,3317,597,false,true,1780963200,1780963200,setl_7_004,1780963200,payment settled,,pay_7_00076,UTR700047731,ord_7_00076,,card,,,,
pay_7_00077,payment,0,2379549,2379549,INR,47591,8566,false,true,1780963200,1780963200,setl_7_004,1780963200,payment settled,,pay_7_00077,UTR700047731,ord_7_00077,,card,,,,
pay_7_00078,payment,0,31954175,31954175,INR,639084,115035,false,true,1780963200,1780963200,setl_7_004,1780963200,payment settled,,pay_7_00078,UTR700047731,ord_7_00078,,netbanking,,,,
pay_7_00079,payment,0,450000,450000,INR,9000,1620,false,true,1780963200,1780963200,setl_7_004,1780963200,payment settled,,pay_7_00079,UTR700047731,ord_7_00079,,upi,,,,
pay_7_00080,payment,0,28310799,28310799,INR,566216,101919,false,true,1780963200,1780963200,setl_7_004,1780963200,payment settled,,pay_7_00080,UTR700047731,ord_7_00080,,card,,,,
pay_7_00082,payment,0,1593425,1593425,INR,47803,8605,false,true,1780963200,1780963200,setl_7_004,1780963200,payment settled,,pay_7_00082,UTR700047731,ord_7_00082,,intl_card,,,,
pay_7_00083,payment,0,500000,500000,INR,15000,2700,false,true,1780963200,1780963200,setl_7_004,1780963200,payment settled,,pay_7_00083,UTR700047731,ord_7_00083,,upi,,,,
pay_7_00084,payment,0,304600,304600,INR,6092,1097,false,true,1780963200,1780963200,setl_7_004,1780963200,payment settled,,pay_7_00084,UTR700047731,ord_7_00084,,card,,,,
pay_7_00085,payment,0,350000,350000,INR,7000,1260,false,true,1780963200,1780963200,setl_7_004,1780963200,payment settled,,pay_7_00085,UTR700047731,ord_7_00085,,upi,,,,
pay_7_00086,payment,0,6953599,6953599,INR,139072,25033,false,true,1780963200,1780963200,setl_7_004,1780963200,payment settled,,pay_7_00086,UTR700047731,ord_7_00086,,netbanking,,,,
pay_7_00087,payment,0,800000,800000,INR,16000,2880,false,true,1780963200,1780963200,setl_7_004,1780963200,payment settled,,pay_7_00087,UTR700047731,ord_7_00087,,upi,,,,
pay_7_00088,payment,0,200000,200000,INR,4000,720,false,true,1780963200,1780963200,setl_7_004,1780963200,payment settled,,pay_7_00088,UTR700047731,ord_7_00088,,upi,,,,
pay_7_00089,payment,0,400000,400000,INR,8000,1440,false,true,1780963200,1780963200,setl_7_004,1780963200,payment settled,,pay_7_00089,UTR700047731,ord_7_00089,,upi,,,,
pay_7_00090,payment,0,250000,250000,INR,5000,900,false,true,1781136000,1781136000,setl_7_005,1781136000,payment settled,,pay_7_00090,UTR700057884,ord_7_00090,,upi,,,,
pay_7_00091,payment,0,70000,70000,INR,1400,252,false,true,1781136000,1781136000,setl_7_005,1781136000,payment settled,,pay_7_00091,UTR700057884,ord_7_00091,,upi,,,,
pay_7_00092,payment,0,300000,300000,INR,6000,1080,false,true,1781136000,1781136000,setl_7_005,1781136000,payment settled,,pay_7_00092,UTR700057884,ord_7_00092,,upi,,,,
pay_7_00093,payment,0,43700,43700,INR,874,157,false,true,1781136000,1781136000,setl_7_005,1781136000,payment settled,,pay_7_00093,UTR700057884,ord_7_00093,,card,,,,
rfnd_7_00094,refund,10925,0,10925,INR,0,0,false,true,1781136000,1781136000,setl_7_005,1781136000,refund settled,,rfnd_7_00094,UTR700057884,ord_7_00093,,card,,,,
pay_7_00095,payment,0,31943850,31943850,INR,638877,114998,false,true,1781136000,1781136000,setl_7_005,1781136000,payment settled,,pay_7_00095,UTR700057884,ord_7_00095,,card,,,,
pay_7_00097,payment,0,300000,300000,INR,6000,1080,false,true,1781136000,1781136000,setl_7_005,1781136000,payment settled,,pay_7_00097,UTR700057884,ord_7_00097,,upi,,,,
pay_7_00098,payment,0,5600,5600,INR,112,20,false,true,1781136000,1781136000,setl_7_005,1781136000,payment settled,,pay_7_00098,UTR700057884,ord_7_00098,,card,,,,
pay_7_00099,payment,0,22750,22750,INR,455,82,false,true,1781136000,1781136000,setl_7_005,1781136000,payment settled,,pay_7_00099,UTR700057884,ord_7_00099,,card,,,,
pay_7_00100,payment,0,4314875,4314875,INR,86298,15534,false,true,1781136000,1781136000,setl_7_005,1781136000,payment settled,,pay_7_00100,UTR700057884,ord_7_00100,,card,,,,
pay_7_00101,payment,0,50000,50000,INR,1000,180,false,true,1781136000,1781136000,setl_7_005,1781136000,payment settled,,pay_7_00101,UTR700057884,ord_7_00101,,upi,,,,
pay_7_00102,payment,0,415800,415800,INR,8316,1497,false,true,1781136000,1781136000,setl_7_005,1781136000,payment settled,,pay_7_00102,UTR700057884,ord_7_00102,,card,,,,
hold_7_00103,payment,207900,0,207900,INR,0,0,true,true,1781136000,1781136000,setl_7_005,1781136000,chargeback_hold settled,,hold_7_00103,UTR700057884,ord_7_00102,,card,,,,
pay_7_00104,payment,0,50000,50000,INR,1000,180,false,true,1781136000,1781136000,setl_7_005,1781136000,payment settled,,pay_7_00104,UTR700057884,ord_7_00104,,upi,,,,
pay_7_00105,payment,0,13607550,13607550,INR,272151,48987,false,true,1781136000,1781136000,setl_7_005,1781136000,payment settled,,pay_7_00105,UTR700057884,ord_7_00105,,card,,,,
pay_7_00106,payment,0,13607550,13607550,INR,272151,48987,false,true,1781136000,1781136000,setl_7_005,1781136000,payment settled,,pay_7_00106,UTR700057884,ord_7_00105,,card,,,,
pay_7_00107,payment,0,250000,250000,INR,5000,900,false,true,1781136000,1781136000,setl_7_005,1781136000,payment settled,,pay_7_00107,UTR700057884,ord_7_00107,,upi,,,,
pay_7_00108,payment,0,50000,50000,INR,1000,180,false,true,1781136000,1781136000,setl_7_005,1781136000,payment settled,,pay_7_00108,UTR700057884,ord_7_00108,,upi,,,,
pay_7_00109,payment,0,1498400,1498400,INR,29968,5394,false,true,1781136000,1781136000,setl_7_005,1781136000,payment settled,,pay_7_00109,UTR700057884,ord_7_00109,,card,,,,
rfnd_7_00110,refund,374600,0,374600,INR,0,0,false,true,1781136000,1781136000,setl_7_005,1781136000,refund settled,,rfnd_7_00110,UTR700057884,ord_7_00109,,card,,,,
pay_7_00111,payment,0,150000,150000,INR,3000,540,false,true,1781308800,1781308800,setl_7_006,1781308800,payment settled,,pay_7_00111,,ord_7_00111,,upi,,,,
pay_7_00112,payment,0,600000,600000,INR,12000,2160,false,true,1781308800,1781308800,setl_7_006,1781308800,payment settled,,pay_7_00112,,ord_7_00112,,upi,,,,
rfnd_7_00113,refund,300000,0,300000,INR,0,0,false,true,1781308800,1781308800,setl_7_006,1781308800,refund settled,,rfnd_7_00113,,ord_7_00112,,card,,,,
pay_7_00114,payment,0,40000,40000,INR,800,144,false,true,1781308800,1781308800,setl_7_006,1781308800,payment settled,,pay_7_00114,,ord_7_00114,,upi,,,,
pay_7_00115,payment,0,1247775,1247775,INR,24956,4492,false,true,1781308800,1781308800,setl_7_006,1781308800,payment settled,,pay_7_00115,,ord_7_00115,,netbanking,,,,
pay_7_00116,payment,0,90000,90000,INR,1800,324,false,true,1781308800,1781308800,setl_7_006,1781308800,payment settled,,pay_7_00116,,ord_7_00116,,upi,,,,
rfnd_7_00117,refund,22500,0,22500,INR,0,0,false,true,1781308800,1781308800,setl_7_006,1781308800,refund settled,,rfnd_7_00117,,ord_7_00116,,card,,,,
pay_7_00118,payment,0,2066699,2066699,INR,41334,7440,false,true,1781308800,1781308800,setl_7_006,1781308800,payment settled,,pay_7_00118,,ord_7_00118,,netbanking,,,,
pay_7_00119,payment,0,300000,300000,INR,6000,1080,false,true,1781308800,1781308800,setl_7_006,1781308800,payment settled,,pay_7_00119,,ord_7_00119,,upi,,,,
pay_7_00120,payment,0,300000,300000,INR,6000,1080,false,true,1781308800,1781308800,setl_7_006,1781308800,payment settled,,pay_7_00120,,ord_7_00119,,card,,,,
pay_7_00121,payment,0,1226475,1226475,INR,24530,4415,false,true,1781308800,1781308800,setl_7_006,1781308800,payment settled,,pay_7_00121,,ord_7_00121,,card,,,,
rfnd_7_00122,refund,613238,0,613238,INR,0,0,false,true,1781308800,1781308800,setl_7_006,1781308800,refund settled,,rfnd_7_00122,,ord_7_00121,,card,,,,
pay_7_00123,payment,0,402350,402350,INR,8047,1448,false,true,1781481600,1781481600,setl_7_007,1781481600,payment settled,,pay_7_00123,UTR700072310,ord_7_00123,,card,,,,
rfnd_7_00124,refund,402350,0,402350,INR,0,0,false,true,1781481600,1781481600,setl_7_007,1781481600,refund settled,,rfnd_7_00124,UTR700072310,ord_7_00123,,card,,,,
pay_7_00125,payment,0,357875,357875,INR,7158,1288,false,true,1781481600,1781481600,setl_7_007,1781481600,payment settled,,pay_7_00125,UTR700072310,ord_7_00125,,netbanking,,,,
pay_7_00126,payment,0,80000,80000,INR,1600,288,false,true,1781481600,1781481600,setl_7_007,1781481600,payment settled,,pay_7_00126,UTR700072310,ord_7_00126,,upi,,,,
pay_7_00127,payment,0,400000,400000,INR,8000,1440,false,true,1781481600,1781481600,setl_7_007,1781481600,payment settled,,pay_7_00127,UTR700072310,ord_7_00127,,upi,,,,
pay_7_00129,payment,0,12609175,12609175,INR,252184,45393,false,true,1781481600,1781481600,setl_7_007,1781481600,payment settled,,pay_7_00129,UTR700072310,ord_7_00129,,card,,,,
pay_7_00130,payment,0,600000,600000,INR,12000,2160,false,true,1781481600,1781481600,setl_7_007,1781481600,payment settled,,pay_7_00130,UTR700072310,ord_7_00130,,upi,,,,
pay_7_00131,payment,0,600000,600000,INR,13800,2484,false,true,1781481600,1781481600,setl_7_007,1781481600,payment settled,,pay_7_00131,UTR700072310,ord_7_00131,,upi,,,,
pay_7_00132,payment,0,20000,20000,INR,400,72,false,true,1781481600,1781481600,setl_7_007,1781481600,payment settled,,pay_7_00132,UTR700072310,ord_7_00132,,upi,,,,
pay_7_00133,payment,0,80000,80000,INR,1600,288,false,true,1781481600,1781481600,setl_7_007,1781481600,payment settled,,pay_7_00133,UTR700072310,ord_7_00133,,upi,,,,
pay_7_00134,payment,0,50000,50000,INR,1000,180,false,true,1781481600,1781481600,setl_7_007,1781481600,payment settled,,pay_7_00134,UTR700072310,ord_7_00134,,upi,,,,
pay_7_00135,payment,0,20000,20000,INR,400,72,false,true,1781481600,1781481600,setl_7_007,1781481600,payment settled,,pay_7_00135,UTR700072310,ord_7_00135,,upi,,,,
rfnd_7_00136,refund,5000,0,5000,INR,0,0,false,true,1781481600,1781481600,setl_7_007,1781481600,refund settled,,rfnd_7_00136,UTR700072310,ord_7_00135,,card,,,,
pay_7_00137,payment,0,900000,900000,INR,18000,3240,false,true,1781481600,1781481600,setl_7_007,1781481600,payment settled,,pay_7_00137,UTR700072310,ord_7_00137,,upi,,,,
pay_7_00139,payment,0,17054275,17054275,INR,341086,61395,false,true,1781481600,1781481600,setl_7_007,1781481600,payment settled,,pay_7_00139,UTR700072310,ord_7_00139,,card,,,,
pay_7_00140,payment,0,20000,20000,INR,400,72,false,true,1781481600,1781481600,setl_7_007,1781481600,payment settled,,pay_7_00140,UTR700072310,ord_7_00140,,upi,,,,
pay_7_00141,payment,0,653350,653350,INR,13067,2352,false,true,1781481600,1781481600,setl_7_007,1781481600,payment settled,,pay_7_00141,UTR700072310,ord_7_00141,,card,,,,
pay_7_00143,payment,0,37700,37700,INR,754,136,false,true,1781481600,1781481600,setl_7_007,1781481600,payment settled,,pay_7_00143,UTR700072310,ord_7_00143,,netbanking,,,,
pay_7_00144,payment,0,119975,119975,INR,2400,432,false,true,1781481600,1781481600,setl_7_007,1781481600,payment settled,,pay_7_00144,UTR700072310,ord_7_00144,,card,,,,
pay_7_00145,payment,0,12515650,12515650,INR,375470,67585,false,true,1781481600,1781481600,setl_7_007,1781481600,payment settled,,pay_7_00145,UTR700072310,ord_7_00145,,intl_card,,,,
pay_7_00146,payment,0,300000,300000,INR,6000,1080,false,true,1781481600,1781481600,setl_7_007,1781481600,payment settled,,pay_7_00146,UTR700072310,ord_7_00146,,upi,,,,
pay_7_00147,payment,0,20000,20000,INR,400,72,false,true,1781481600,1781481600,setl_7_007,1781481600,payment settled,,pay_7_00147,UTR700072310,ord_7_00147,,upi,,,,
rfnd_7_00128,refund,100000,0,100000,INR,0,0,false,true,1781654400,1781654400,setl_7_008,1781654400,refund settled,,rfnd_7_00128,UTR700081554,ord_7_00127,,card,,,,
rfnd_7_00138,refund,225000,0,225000,INR,0,0,false,true,1781654400,1781654400,setl_7_008,1781654400,refund settled,,rfnd_7_00138,UTR700081554,ord_7_00137,,card,,,,
rfnd_7_00142,refund,163338,0,163338,INR,0,0,false,true,1781654400,1781654400,setl_7_008,1781654400,refund settled,,rfnd_7_00142,UTR700081554,ord_7_00141,,card,,,,
pay_7_00148,payment,0,21071475,21071475,INR,421430,75857,false,true,1781654400,1781654400,setl_7_008,1781654400,payment settled,,pay_7_00148,UTR700081554,ord_7_00148,,card,,,,
pay_7_00149,payment,0,50000,50000,INR,1000,180,false,true,1781654400,1781654400,setl_7_008,1781654400,payment settled,,pay_7_00149,UTR700081554,ord_7_00149,,upi,,,,
pay_7_00150,payment,0,1044050,1044050,INR,20881,3759,false,true,1781654400,1781654400,setl_7_008,1781654400,payment settled,,pay_7_00150,UTR700081554,ord_7_00150,,netbanking,,,,
pay_7_00151,payment,0,2831949,2831949,INR,56639,10195,false,true,1781654400,1781654400,setl_7_008,1781654400,payment settled,,pay_7_00151,UTR700081554,ord_7_00151,,card,,,,
pay_7_00152,payment,0,49475,49475,INR,1732,312,false,true,1781654400,1781654400,setl_7_008,1781654400,payment settled,,pay_7_00152,UTR700081554,ord_7_00152,,intl_card,,,,
pay_7_00153,payment,0,200000,200000,INR,4000,720,false,true,1781654400,1781654400,setl_7_008,1781654400,payment settled,,pay_7_00153,UTR700081554,ord_7_00153,,upi,,,,
pay_7_00154,payment,0,352499,352499,INR,7050,1269,false,true,1781654400,1781654400,setl_7_008,1781654400,payment settled,,pay_7_00154,UTR700081554,ord_7_00154,,card,,,,
pay_7_00155,payment,0,250000,250000,INR,5000,900,false,true,1781654400,1781654400,setl_7_008,1781654400,payment settled,,pay_7_00155,UTR700081554,ord_7_00155,,upi,,,,
pay_7_00156,payment,0,264849,264849,INR,5297,953,false,true,1781654400,1781654400,setl_7_008,1781654400,payment settled,,pay_7_00156,UTR700081554,ord_7_00156,,card,,,,
pay_7_00157,payment,0,238949,238949,INR,4779,860,false,true,1781654400,1781654400,setl_7_008,1781654400,payment settled,,pay_7_00157,UTR700081554,ord_7_00157,,card,,,,
pay_7_00158,payment,0,16367600,16367600,INR,327352,58923,false,true,1781654400,1781654400,setl_7_008,1781654400,payment settled,,pay_7_00158,UTR700081554,ord_7_00158,,card,,,,
pay_7_00159,payment,0,3389949,3389949,INR,67799,12204,false,true,1781654400,1781654400,setl_7_008,1781654400,payment settled,,pay_7_00159,UTR700081554,ord_7_00159,,card,,,,
pay_7_00161,payment,0,125600,125600,INR,2512,452,false,true,1781654400,1781654400,setl_7_008,1781654400,payment settled,,pay_7_00161,UTR700081554,ord_7_00161,,card,,,,
pay_7_00162,payment,0,700000,700000,INR,14000,2520,false,true,1781654400,1781654400,setl_7_008,1781654400,payment settled,,pay_7_00162,UTR700081554,ord_7_00162,,upi,,,,
pay_7_00163,payment,0,3100,3100,INR,62,11,false,true,1781654400,1781654400,setl_7_008,1781654400,payment settled,,pay_7_00163,UTR700081554,ord_7_00163,,netbanking,,,,
pay_7_00164,payment,0,15583875,15583875,INR,311678,56102,false,true,1781654400,1781654400,setl_7_008,1781654400,payment settled,,pay_7_00164,UTR700081554,ord_7_00164,,card,,,,
pay_7_00165,payment,0,700000,700000,INR,14000,2520,false,true,1781654400,1781654400,setl_7_008,1781654400,payment settled,,pay_7_00165,UTR700081554,ord_7_00165,,upi,,,,
pay_7_00167,payment,0,25367200,25367200,INR,507344,91322,false,true,1781654400,1781654400,setl_7_008,1781654400,payment settled,,pay_7_00167,UTR700081554,ord_7_00167,,netbanking,,,,
pay_7_00168,payment,0,24999,24999,INR,500,90,false,true,1781654400,1781654400,setl_7_008,1781654400,payment settled,,pay_7_00168,UTR700081554,ord_7_00168,,card,,,,
pay_7_00169,payment,0,436099,436099,INR,8722,1570,false,true,1781654400,1781654400,setl_7_008,1781654400,payment settled,,pay_7_00169,UTR700081554,ord_7_00169,,card,,,,
pay_7_00170,payment,0,442800,442800,INR,8856,1594,false,true,1781654400,1781654400,setl_7_008,1781654400,payment settled,,pay_7_00170,UTR700081554,ord_7_00170,,card,,,,
rfnd_7_00171,refund,221400,0,221400,INR,0,0,false,true,1781654400,1781654400,setl_7_008,1781654400,refund settled,,rfnd_7_00171,UTR700081554,ord_7_00170,,card,,,,
rfnd_7_00160,refund,847487,0,847487,INR,0,0,false,true,1781827200,1781827200,setl_7_009,1781827200,refund settled,,rfnd_7_00160,,ord_7_00159,,card,,,,
pay_7_00172,payment,0,23500,23500,INR,705,127,false,true,1781827200,1781827200,setl_7_009,1781827200,payment settled,,pay_7_00172,,ord_7_00172,,intl_card,,,,
pay_7_00173,payment,0,12499,12499,INR,250,45,false,true,1781827200,1781827200,setl_7_009,1781827200,payment settled,,pay_7_00173,,ord_7_00173,,card,,,,
pay_7_00174,payment,0,9932625,9932625,INR,198652,35757,false,true,1781827200,1781827200,setl_7_009,1781827200,payment settled,,pay_7_00174,,ord_7_00174,,card,,,,
pay_7_00175,payment,0,500000,500000,INR,10000,1800,false,true,1781827200,1781827200,setl_7_009,1781827200,payment settled,,pay_7_00175,,ord_7_00175,,upi,,,,
pay_7_00176,payment,0,300000,300000,INR,6000,1080,false,true,1781827200,1781827200,setl_7_009,1781827200,payment settled,,pay_7_00176,,ord_7_00176,,upi,,,,
pay_7_00178,payment,0,300000,300000,INR,6000,1080,false,true,1781827200,1781827200,setl_7_009,1781827200,payment settled,,pay_7_00178,,ord_7_00178,,upi,,,,
pay_7_00179,payment,0,6598500,6598500,INR,131970,23755,false,true,1781827200,1781827200,setl_7_009,1781827200,payment settled,,pay_7_00179,,ord_7_00179,,card,,,,
pay_7_00180,payment,0,53850,53850,INR,1077,194,false,true,1781827200,1781827200,setl_7_009,1781827200,payment settled,,pay_7_00180,,ord_7_00180,,card,,,,
pay_7_00181,payment,0,29200,29200,INR,584,105,false,true,1781827200,1781827200,setl_7_009,1781827200,payment settled,,pay_7_00181,,ord_7_00181,,card,,,,
pay_7_00182,payment,0,300000,300000,INR,6000,1080,false,true,1781827200,1781827200,setl_7_009,1781827200,payment settled,,pay_7_00182,,ord_7_00182,,upi,,,,
pay_7_00183,payment,0,2142200,2142200,INR,42844,7712,false,true,1781827200,1781827200,setl_7_009,1781827200,payment settled,,pay_7_00183,,ord_7_00183,,card,,,,
pay_7_00184,payment,0,41856549,41856549,INR,837131,150684,false,true,1781827200,1781827200,setl_7_009,1781827200,payment settled,,pay_7_00184,,ord_7_00184,,card,,,,
rfnd_7_00185,refund,10464137,0,10464137,INR,0,0,false,true,1781827200,1781827200,setl_7_009,1781827200,refund settled,,rfnd_7_00185,,ord_7_00184,,card,,,,
pay_7_00186,payment,0,302349,302349,INR,6047,1088,false,true,1781827200,1781827200,setl_7_009,1781827200,payment settled,,pay_7_00186,,ord_7_00186,,card,,,,
pay_7_00187,payment,0,450000,450000,INR,9000,1620,false,true,1781827200,1781827200,setl_7_009,1781827200,payment settled,,pay_7_00187,,ord_7_00187,,upi,,,,
pay_7_00188,payment,0,3076500,3076500,INR,61530,11075,false,true,1781827200,1781827200,setl_7_009,1781827200,payment settled,,pay_7_00188,,ord_7_00188,,card,,,,
rfnd_7_00177,refund,300000,0,300000,INR,0,0,false,true,1782000000,1782000000,setl_7_010,1782000000,refund settled,,rfnd_7_00177,UTR700108783,ord_7_00176,,card,,,,
pay_7_00189,payment,0,1799575,1799575,INR,35992,6479,false,true,1782000000,1782000000,setl_7_010,1782000000,payment settled,,pay_7_00189,UTR700108783,ord_7_00189,,card,,,,
pay_7_00190,payment,0,6700,6700,INR,134,24,false,true,1782000000,1782000000,setl_7_010,1782000000,payment settled,,pay_7_00190,UTR700108783,ord_7_00190,,card,,,,
pay_7_00191,payment,0,200000,200000,INR,4000,720,false,true,1782000000,1782000000,setl_7_010,1782000000,payment settled,,pay_7_00191,UTR700108783,ord_7_00191,,upi,,,,
pay_7_00192,payment,0,1536500,1536500,INR,30730,5531,false,true,1782000000,1782000000,setl_7_010,1782000000,payment settled,,pay_7_00192,UTR700108783,ord_7_00192,,card,,,,
pay_7_00193,payment,0,200000,200000,INR,4000,720,false,true,1782000000,1782000000,setl_7_010,1782000000,payment settled,,pay_7_00193,UTR700108783,ord_7_00193,,upi,,,,
pay_7_00194,payment,0,190400,190400,INR,3808,685,false,true,1782000000,1782000000,setl_7_010,1782000000,payment settled,,pay_7_00194,UTR700108783,ord_7_00194,,card,,,,
rfnd_7_00195,refund,47600,0,47600,INR,0,0,false,true,1782000000,1782000000,setl_7_010,1782000000,refund settled,,rfnd_7_00195,UTR700108783,ord_7_00194,,card,,,,
pay_7_00196,payment,0,100000,100000,INR,2000,360,false,true,1782000000,1782000000,setl_7_010,1782000000,payment settled,,pay_7_00196,UTR700108783,ord_7_00196,,upi,,,,
pay_7_00197,payment,0,2960750,2960750,INR,59215,10659,false,true,1782000000,1782000000,setl_7_010,1782000000,payment settled,,pay_7_00197,UTR700108783,ord_7_00197,,card,,,,
pay_7_00198,payment,0,250000,250000,INR,5000,900,false,true,1782000000,1782000000,setl_7_010,1782000000,payment settled,,pay_7_00198,UTR700108783,ord_7_00198,,upi,,,,
pay_7_00199,payment,0,802650,802650,INR,16053,2890,false,true,1782000000,1782000000,setl_7_010,1782000000,payment settled,,pay_7_00199,UTR700108783,ord_7_00199,,card,,,,
pay_7_00200,payment,0,309575,309575,INR,6192,1115,false,true,1782000000,1782000000,setl_7_010,1782000000,payment settled,,pay_7_00200,UTR700108783,ord_7_00200,,card,,,,
pay_7_00201,payment,0,2793875,2793875,INR,55878,10058,false,true,1782000000,1782000000,setl_7_010,1782000000,payment settled,,pay_7_00201,UTR700108783,ord_7_00201,,card,,,,
pay_7_00202,payment,0,2793875,2793875,INR,55878,10058,false,true,1782000000,1782000000,setl_7_010,1782000000,payment settled,,pay_7_00202,UTR700108783,ord_7_00201,,card,,,,
pay_7_00203,payment,0,700000,700000,INR,14000,2520,false,true,1782000000,1782000000,setl_7_010,1782000000,payment settled,,pay_7_00203,UTR700108783,ord_7_00203,,upi,,,,
pay_7_00204,payment,0,13875,13875,INR,278,50,false,true,1782000000,1782000000,setl_7_010,1782000000,payment settled,,pay_7_00204,UTR700108783,ord_7_00204,,card,,,,
pay_7_00205,payment,0,39353875,39353875,INR,787078,141674,false,true,1782000000,1782000000,setl_7_010,1782000000,payment settled,,pay_7_00205,UTR700108783,ord_7_00205,,netbanking,,,,
pay_7_00206,payment,0,21075,21075,INR,422,76,false,true,1782000000,1782000000,setl_7_010,1782000000,payment settled,,pay_7_00206,UTR700108783,ord_7_00206,,card,,,,
pay_7_00207,payment,0,896900,896900,INR,17938,3229,false,true,1782000000,1782000000,setl_7_010,1782000000,payment settled,,pay_7_00207,UTR700108783,ord_7_00207,,card,,,,
pay_7_00208,payment,0,18357775,18357775,INR,367156,66088,false,true,1782000000,1782000000,setl_7_010,1782000000,payment settled,,pay_7_00208,UTR700108783,ord_7_00208,,card,,,,
pay_7_00209,payment,0,90000,90000,INR,1800,324,false,true,1782000000,1782000000,setl_7_010,1782000000,payment settled,,pay_7_00209,UTR700108783,ord_7_00209,,upi,,,,
pay_7_00210,payment,0,6625,6625,INR,132,24,false,true,1782000000,1782000000,setl_7_010,1782000000,payment settled,,pay_7_00210,UTR700108783,ord_7_00210,,card,,,,
pay_7_00211,payment,0,6625,6625,INR,132,24,false,true,1782000000,1782000000,setl_7_010,1782000000,payment settled,,pay_7_00211,UTR700108783,ord_7_00210,,card,,,,
pay_7_00212,payment,0,4300,4300,INR,129,23,false,true,1782172800,1782172800,setl_7_011,1782172800,payment settled,,pay_7_00212,,ord_7_00212,,intl_card,,,,
pay_7_00213,payment,0,11146500,11146500,INR,222930,40127,false,true,1782172800,1782172800,setl_7_011,1782172800,payment settled,,pay_7_00213,,ord_7_00213,,netbanking,,,,
pay_7_00214,payment,0,7199,7199,INR,144,26,false,true,1782172800,1782172800,setl_7_011,1782172800,payment settled,,pay_7_00214,,ord_7_00214,,card,,,,
pay_7_00215,payment,0,90000,90000,INR,1800,324,false,true,1782172800,1782172800,setl_7_011,1782172800,payment settled,,pay_7_00215,,ord_7_00215,,upi,,,,
pay_7_00216,payment,0,20000,20000,INR,400,72,false,true,1782172800,1782172800,setl_7_011,1782172800,payment settled,,pay_7_00216,,ord_7_00216,,upi,,,,
pay_7_00217,payment,0,70000,70000,INR,1400,252,false,true,1782172800,1782172800,setl_7_011,1782172800,payment settled,,pay_7_00217,,ord_7_00217,,upi,,,,
pay_7_00218,payment,0,7075200,7075200,INR,212256,38206,false,true,1782172800,1782172800,setl_7_011,1782172800,payment settled,,pay_7_00218,,ord_7_00218,,intl_card,,,,
pay_7_00219,payment,0,7750,7750,INR,155,28,false,true,1782172800,1782172800,setl_7_011,1782172800,payment settled,,pay_7_00219,,ord_7_00219,,netbanking,,,,
pay_7_00220,payment,0,12000,12000,INR,240,43,false,true,1782172800,1782172800,setl_7_011,1782172800,payment settled,,pay_7_00220,,ord_7_00220,,card,,,,
pay_7_00221,payment,0,250000,250000,INR,5000,900,false,true,1782172800,1782172800,setl_7_011,1782172800,payment settled,,pay_7_00221,,ord_7_00221,,upi,,,,
pay_7_00222,payment,0,441499,441499,INR,8830,1589,false,true,1782172800,1782172800,setl_7_011,1782172800,payment settled,,pay_7_00222,,ord_7_00222,,netbanking,,,,
pay_7_00223,payment,0,103525,103525,INR,3106,559,false,true,1782172800,1782172800,setl_7_011,1782172800,payment settled,,pay_7_00223,,ord_7_00223,,intl_card,,,,
pay_7_00224,payment,0,450000,450000,INR,9000,1620,false,true,1782172800,1782172800,setl_7_011,1782172800,payment settled,,pay_7_00224,,ord_7_00224,,upi,,,,
pay_7_00225,payment,0,40000,40000,INR,800,144,false,true,1782172800,1782172800,setl_7_011,1782172800,payment settled,,pay_7_00225,,ord_7_00225,,upi,,,,
pay_7_00226,payment,0,17049799,17049799,INR,340996,61379,false,true,1782172800,1782172800,setl_7_011,1782172800,payment settled,,pay_7_00226,,ord_7_00226,,card,,,,
pay_7_00227,payment,0,21400,21400,INR,428,77,false,true,1782172800,1782172800,setl_7_011,1782172800,payment settled,,pay_7_00227,,ord_7_00227,,card,,,,
pay_7_00228,payment,0,350000,350000,INR,7000,1260,false,true,1782172800,1782172800,setl_7_011,1782172800,payment settled,,pay_7_00228,,ord_7_00228,,upi,,,,
rfnd_7_00229,refund,87500,0,87500,INR,0,0,false,true,1782172800,1782172800,setl_7_011,1782172800,refund settled,,rfnd_7_00229,,ord_7_00228,,card,,,,
pay_7_00230,payment,0,800000,800000,INR,16000,2880,false,true,1782172800,1782172800,setl_7_011,1782172800,payment settled,,pay_7_00230,,ord_7_00230,,upi,,,,
pay_7_00231,payment,0,13869849,13869849,INR,277397,49931,false,true,1782172800,1782172800,setl_7_011,1782172800,payment settled,,pay_7_00231,,ord_7_00231,,card,,,,
pay_7_00232,payment,0,30000,30000,INR,600,108,false,true,1782172800,1782172800,setl_7_011,1782172800,payment settled,,pay_7_00232,,ord_7_00232,,upi,,,,
rfnd_7_00233,refund,7500,0,7500,INR,0,0,false,true,1782172800,1782172800,setl_7_011,1782172800,refund settled,,rfnd_7_00233,,ord_7_00232,,card,,,,
pay_7_00234,payment,0,38075,38075,INR,762,137,false,true,1782172800,1782172800,setl_7_011,1782172800,payment settled,,pay_7_00234,,ord_7_00234,,card,,,,
pay_7_00235,payment,0,16258649,16258649,INR,325173,58531,false,true,1782345600,1782345600,setl_7_012,1782345600,payment settled,,pay_7_00235,UTR700122999,ord_7_00235,,card,,,,
pay_7_00236,payment,0,27255050,27255050,INR,545101,98118,false,true,1782345600,1782345600,setl_7_012,1782345600,payment settled,,pay_7_00236,UTR700122999,ord_7_00236,,card,,,,
pay_7_00237,payment,0,700000,700000,INR,14000,2520,false,true,1782345600,1782345600,setl_7_012,1782345600,payment settled,,pay_7_00237,UTR700122999,ord_7_00237,,upi,,,,
pay_7_00238,payment,0,700000,700000,INR,14000,2520,false,true,1782345600,1782345600,setl_7_012,1782345600,payment settled,,pay_7_00238,UTR700122999,ord_7_00238,,upi,,,,
pay_7_00239,payment,0,350000,350000,INR,7000,1260,false,true,1782345600,1782345600,setl_7_012,1782345600,payment settled,,pay_7_00239,UTR700122999,ord_7_00239,,upi,,,,
pay_7_00240,payment,0,39799,39799,INR,796,143,false,true,1782345600,1782345600,setl_7_012,1782345600,payment settled,,pay_7_00240,UTR700122999,ord_7_00240,,card,,,,
rfnd_7_00241,refund,39799,0,39799,INR,0,0,false,true,1782345600,1782345600,setl_7_012,1782345600,refund settled,,rfnd_7_00241,UTR700122999,ord_7_00240,,card,,,,
pay_7_00242,payment,0,40000,40000,INR,800,144,false,true,1782345600,1782345600,setl_7_012,1782345600,payment settled,,pay_7_00242,UTR700122999,ord_7_00242,,upi,,,,
pay_7_00243,payment,0,200000,200000,INR,4000,720,false,true,1782345600,1782345600,setl_7_012,1782345600,payment settled,,pay_7_00243,UTR700122999,ord_7_00243,,upi,,,,
pay_7_00244,payment,0,247999,247999,INR,4960,893,false,true,1782345600,1782345600,setl_7_012,1782345600,payment settled,,pay_7_00244,UTR700122999,ord_7_00244,,card,,,,
pay_7_00245,payment,0,60000,60000,INR,1200,216,false,true,1782345600,1782345600,setl_7_012,1782345600,payment settled,,pay_7_00245,UTR700122999,ord_7_00245,,upi,,,,
pay_7_00246,payment,0,31379925,31379925,INR,627598,112968,false,true,1782345600,1782345600,setl_7_012,1782345600,payment settled,,pay_7_00246,UTR700122999,ord_7_00246,,card,,,,
pay_7_00247,payment,0,200000,200000,INR,4000,720,false,true,1782345600,1782345600,setl_7_012,1782345600,payment settled,,pay_7_00247,UTR700122999,ord_7_00247,,upi,,,,
pay_7_00248,payment,0,60000,60000,INR,1200,216,false,true,1782345600,1782345600,setl_7_012,1782345600,payment settled,,pay_7_00248,UTR700122999,ord_7_00248,,upi,,,,
pay_7_00249,payment,0,4122275,4122275,INR,123668,22260,false,true,1782345600,1782345600,setl_7_012,1782345600,payment settled,,pay_7_00249,UTR700122999,ord_7_00249,,intl_card,,,,
rfnd_7_00250,refund,2061138,0,2061138,INR,0,0,false,true,1782345600,1782345600,setl_7_012,1782345600,refund settled,,rfnd_7_00250,UTR700122999,ord_7_00249,,card,,,,
pay_7_00251,payment,0,300000,300000,INR,6000,1080,false,true,1782518400,1782518400,setl_7_013,1782518400,payment settled,,pay_7_00251,UTR700132819,ord_7_00251,,upi,,,,
pay_7_00253,payment,0,200000,200000,INR,4000,720,false,true,1782518400,1782518400,setl_7_013,1782518400,payment settled,,pay_7_00253,UTR700132819,ord_7_00253,,upi,,,,
pay_7_00254,payment,0,70000,70000,INR,1400,252,false,true,1782518400,1782518400,setl_7_013,1782518400,payment settled,,pay_7_00254,UTR700132819,ord_7_00254,,upi,,,,
pay_7_00255,payment,0,1243450,1243450,INR,24869,4476,false,true,1782518400,1782518400,setl_7_013,1782518400,payment settled,,pay_7_00255,UTR700132819,ord_7_00255,,card,,,,
pay_7_00256,payment,0,50000,50000,INR,1000,180,false,true,1782518400,1782518400,setl_7_013,1782518400,payment settled,,pay_7_00256,UTR700132819,ord_7_00256,,upi,,,,
pay_7_00257,payment,0,600000,600000,INR,12000,2160,false,true,1782518400,1782518400,setl_7_013,1782518400,payment settled,,pay_7_00257,UTR700132819,ord_7_00257,,upi,,,,
pay_7_00258,payment,0,437700,437700,INR,8754,1576,false,true,1782518400,1782518400,setl_7_013,1782518400,payment settled,,pay_7_00258,UTR700132819,ord_7_00258,,card,,,,
pay_7_00259,payment,0,489375,489375,INR,9788,1762,false,true,1782518400,1782518400,setl_7_013,1782518400,payment settled,,pay_7_00259,UTR700132819,ord_7_00259,,card,,,,
pay_7_00260,payment,0,47052099,47052099,INR,941042,169388,false,true,1782518400,1782518400,setl_7_013,1782518400,payment settled,,pay_7_00260,UTR700132819,ord_7_00260,,card,,,,
pay_7_00261,payment,0,47052099,47052099,INR,941042,169388,false,true,1782518400,1782518400,setl_7_013,1782518400,payment settled,,pay_7_00261,UTR700132819,ord_7_00260,,card,,,,
pay_7_00262,payment,0,143000,143000,INR,2860,515,false,true,1782518400,1782518400,setl_7_013,1782518400,payment settled,,pay_7_00262,UTR700132819,ord_7_00262,,card,,,,
pay_7_00263,payment,0,526000,526000,INR,10520,1894,false,true,1782518400,1782518400,setl_7_013,1782518400,payment settled,,pay_7_00263,UTR700132819,ord_7_00263,,card,,,,
rfnd_7_00264,refund,526000,0,526000,INR,0,0,false,true,1782518400,1782518400,setl_7_013,1782518400,refund settled,,rfnd_7_00264,UTR700132819,ord_7_00263,,card,,,,
pay_7_00265,payment,0,352850,352850,INR,7057,1270,false,true,1782518400,1782518400,setl_7_013,1782518400,payment settled,,pay_7_00265,UTR700132819,ord_7_00265,,card,,,,
pay_7_00266,payment,0,352850,352850,INR,7057,1270,false,true,1782518400,1782518400,setl_7_013,1782518400,payment settled,,pay_7_00266,UTR700132819,ord_7_00265,,card,,,,
pay_7_00267,payment,0,300000,300000,INR,6000,1080,false,true,1782518400,1782518400,setl_7_013,1782518400,payment settled,,pay_7_00267,UTR700132819,ord_7_00267,,upi,,,,
hold_7_00268,payment,150000,0,150000,INR,0,0,true,true,1782518400,1782518400,setl_7_013,1782518400,chargeback_hold settled,,hold_7_00268,UTR700132819,ord_7_00267,,upi,,,,
pay_7_00269,payment,0,50000,50000,INR,1000,180,false,true,1782518400,1782518400,setl_7_013,1782518400,payment settled,,pay_7_00269,UTR700132819,ord_7_00269,,upi,,,,
pay_7_00271,payment,0,1049550,1049550,INR,31486,5667,false,true,1782518400,1782518400,setl_7_013,1782518400,payment settled,,pay_7_00271,UTR700132819,ord_7_00271,,intl_card,,,,
pay_7_00272,payment,0,3034700,3034700,INR,60694,10925,false,true,1782518400,1782518400,setl_7_013,1782518400,payment settled,,pay_7_00272,UTR700132819,ord_7_00272,,card,,,,
pay_7_00273,payment,0,350000,350000,INR,7000,1260,false,true,1782518400,1782518400,setl_7_013,1782518400,payment settled,,pay_7_00273,UTR700132819,ord_7_00273,,upi,,,,
pay_7_00274,payment,0,70000,70000,INR,1400,252,false,true,1782518400,1782518400,setl_7_013,1782518400,payment settled,,pay_7_00274,UTR700132819,ord_7_00274,,upi,,,,
pay_7_00275,payment,0,400000,400000,INR,8000,1440,false,true,1782518400,1782518400,setl_7_013,1782518400,payment settled,,pay_7_00275,UTR700132819,ord_7_00275,,upi,,,,
pay_7_00276,payment,0,800000,800000,INR,16000,2880,false,true,1782518400,1782518400,setl_7_013,1782518400,payment settled,,pay_7_00276,UTR700132819,ord_7_00276,,upi,,,,
pay_7_00277,payment,0,216825,216825,INR,4336,780,false,true,1782518400,1782518400,setl_7_013,1782518400,payment settled,,pay_7_00277,UTR700132819,ord_7_00277,,card,,,,
rfnd_7_00278,refund,108412,0,108412,INR,0,0,false,true,1782518400,1782518400,setl_7_013,1782518400,refund settled,,rfnd_7_00278,UTR700132819,ord_7_00277,,card,,,,
pay_7_00279,payment,0,600000,600000,INR,12000,2160,false,true,1782691200,1782691200,setl_7_014,1782691200,payment settled,,pay_7_00279,UTR700143900,ord_7_00279,,upi,,,,
pay_7_00280,payment,0,800000,800000,INR,16000,2880,false,true,1782691200,1782691200,setl_7_014,1782691200,payment settled,,pay_7_00280,UTR700143900,ord_7_00280,,upi,,,,
pay_7_00281,payment,0,1900125,1900125,INR,38002,6840,false,true,1782691200,1782691200,setl_7_014,1782691200,payment settled,,pay_7_00281,UTR700143900,ord_7_00281,,netbanking,,,,
pay_7_00282,payment,0,500000,500000,INR,10000,1800,false,true,1782691200,1782691200,setl_7_014,1782691200,payment settled,,pay_7_00282,UTR700143900,ord_7_00282,,upi,,,,
pay_7_00283,payment,0,400000,400000,INR,8000,1440,false,true,1782691200,1782691200,setl_7_014,1782691200,payment settled,,pay_7_00283,UTR700143900,ord_7_00283,,upi,,,,
pay_7_00284,payment,0,50000,50000,INR,1000,180,false,true,1782691200,1782691200,setl_7_014,1782691200,payment settled,,pay_7_00284,UTR700143900,ord_7_00284,,upi,,,,
pay_7_00286,payment,0,21773299,21773299,INR,435466,78384,false,true,1782691200,1782691200,setl_7_014,1782691200,payment settled,,pay_7_00286,UTR700143900,ord_7_00286,,netbanking,,,,
pay_7_00287,payment,0,600000,600000,INR,12000,2160,false,true,1782691200,1782691200,setl_7_014,1782691200,payment settled,,pay_7_00287,UTR700143900,ord_7_00287,,upi,,,,
pay_7_00288,payment,0,22299,22299,INR,446,80,false,true,1782691200,1782691200,setl_7_014,1782691200,payment settled,,pay_7_00288,UTR700143900,ord_7_00288,,card,,,,
pay_7_00289,payment,0,500000,500000,INR,10000,1800,false,true,1782691200,1782691200,setl_7_014,1782691200,payment settled,,pay_7_00289,UTR700143900,ord_7_00289,,upi,,,,
pay_7_00290,payment,0,11399,11399,INR,228,41,false,true,1782691200,1782691200,setl_7_014,1782691200,payment settled,,pay_7_00290,UTR700143900,ord_7_00290,,card,,,,
pay_7_00291,payment,0,400000,400000,INR,8000,1440,false,true,1782691200,1782691200,setl_7_014,1782691200,payment settled,,pay_7_00291,UTR700143900,ord_7_00291,,upi,,,,
pay_7_00292,payment,0,1954849,1954849,INR,58645,10556,false,true,1782691200,1782691200,setl_7_014,1782691200,payment settled,,pay_7_00292,UTR700143900,ord_7_00292,,intl_card,,,,
rfnd_7_00294,refund,977424,0,977424,INR,0,0,false,true,1782691200,1782691200,setl_7_014,1782691200,refund settled,,rfnd_7_00294,UTR700143900,ord_7_00292,,card,,,,
rfnd_7_00285,refund,25000,0,25000,INR,0,0,false,true,1782864000,1782864000,setl_7_015,1782864000,refund settled,,rfnd_7_00285,,ord_7_00284,,card,,,,
pay_7_00295,payment,0,6000,6000,INR,120,22,false,true,1782864000,1782864000,setl_7_015,1782864000,payment settled,,pay_7_00295,,ord_7_00295,,card,,,,
pay_7_00296,payment,0,1587350,1587350,INR,31747,5714,false,true,1782864000,1782864000,setl_7_015,1782864000,payment settled,,pay_7_00296,,ord_7_00296,,card,,,,
pay_7_00297,payment,0,50000,50000,INR,1000,180,false,true,1782864000,1782864000,setl_7_015,1782864000,payment settled,,pay_7_00297,,ord_7_00297,,upi,,,,
pay_7_00298,payment,0,1482875,1482875,INR,29658,5338,false,true,1782864000,1782864000,setl_7_015,1782864000,payment settled,,pay_7_00298,,ord_7_00298,,netbanking,,,,
pay_7_00299,payment,0,60000,60000,INR,1200,216,false,true,1782864000,1782864000,setl_7_015,1782864000,payment settled,,pay_7_00299,,ord_7_00299,,upi,,,,
pay_7_00300,payment,0,1346875,1346875,INR,40406,7273,false,true,1782864000,1782864000,setl_7_015,1782864000,payment settled,,pay_7_00300,,ord_7_00300,,intl_card,,,,
pay_7_00301,payment,0,50000,50000,INR,1000,180,false,true,1782864000,1782864000,setl_7_015,1782864000,payment settled,,pay_7_00301,,ord_7_00301,,upi,,,,
pay_7_00302,payment,0,450000,450000,INR,9000,1620,false,true,1782864000,1782864000,setl_7_015,1782864000,payment settled,,pay_7_00302,,ord_7_00302,,upi,,,,
rfnd_7_00303,refund,450000,0,450000,INR,0,0,false,true,1782864000,1782864000,setl_7_015,1782864000,refund settled,,rfnd_7_00303,,ord_7_00302,,card,,,,
pay_7_00304,payment,0,50000,50000,INR,1000,180,false,true,1782864000,1782864000,setl_7_015,1782864000,payment settled,,pay_7_00304,,ord_7_00304,,upi,,,,
pay_7_00305,payment,0,263749,263749,INR,5275,950,false,true,1782864000,1782864000,setl_7_015,1782864000,payment settled,,pay_7_00305,,ord_7_00305,,netbanking,,,,
rfnd_7_00306,refund,65937,0,65937,INR,0,0,false,true,1782864000,1782864000,setl_7_015,1782864000,refund settled,,rfnd_7_00306,,ord_7_00305,,card,,,,
pay_7_00307,payment,0,1806949,1806949,INR,36139,6505,false,true,1782864000,1782864000,setl_7_015,1782864000,payment settled,,pay_7_00307,,ord_7_00307,,card,,,,
pay_7_00308,payment,0,800000,800000,INR,16000,2880,false,true,1782864000,1782864000,setl_7_015,1782864000,payment settled,,pay_7_00308,,ord_7_00308,,upi,,,,
pay_7_00309,payment,0,50000,50000,INR,1000,180,false,true,1782864000,1782864000,setl_7_015,1782864000,payment settled,,pay_7_00309,,ord_7_00309,,upi,,,,
pay_7_00310,payment,0,80000,80000,INR,1600,288,false,true,1782864000,1782864000,setl_7_015,1782864000,payment settled,,pay_7_00310,,ord_7_00310,,upi,,,,
pay_7_00311,payment,0,6550,6550,INR,131,24,false,true,1782864000,1782864000,setl_7_015,1782864000,payment settled,,pay_7_00311,,ord_7_00311,,card,,,,
pay_7_00312,payment,0,1325899,1325899,INR,26518,4773,false,true,1782864000,1782864000,setl_7_015,1782864000,payment settled,,pay_7_00312,,ord_7_00312,,card,,,,
pay_7_00313,payment,0,300000,300000,INR,6000,1080,false,true,1783036800,1783036800,setl_7_016,1783036800,payment settled,,pay_7_00313,UTR700164491,ord_7_00313,,upi,,,,
pay_7_00314,payment,0,10707775,10707775,INR,214156,38548,false,true,1783036800,1783036800,setl_7_016,1783036800,payment settled,,pay_7_00314,UTR700164491,ord_7_00314,,card,,,,
pay_7_00315,payment,0,3344700,3344700,INR,66894,12041,false,true,1783036800,1783036800,setl_7_016,1783036800,payment settled,,pay_7_00315,UTR700164491,ord_7_00315,,netbanking,,,,
pay_7_00316,payment,0,80000,80000,INR,1600,288,false,true,1783036800,1783036800,setl_7_016,1783036800,payment settled,,pay_7_00316,UTR700164491,ord_7_00316,,upi,,,,
pay_7_00317,payment,0,18149,18149,INR,544,98,false,true,1783036800,1783036800,setl_7_016,1783036800,payment settled,,pay_7_00317,UTR700164491,ord_7_00317,,intl_card,,,,
pay_7_00318,payment,0,4918325,4918325,INR,172141,30985,false,true,1783036800,1783036800,setl_7_016,1783036800,payment settled,,pay_7_00318,UTR700164491,ord_7_00318,,intl_card,,,,
pay_7_00319,payment,0,6149,6149,INR,123,22,false,true,1783036800,1783036800,setl_7_016,1783036800,payment settled,,pay_7_00319,UTR700164491,ord_7_00319,,netbanking,,,,
pay_7_00320,payment,0,14550649,14550649,INR,291013,52382,false,true,1783036800,1783036800,setl_7_016,1783036800,payment settled,,pay_7_00320,UTR700164491,ord_7_00320,,card,,,,
pay_7_00321,payment,0,8621399,8621399,INR,172428,31037,false,true,1783036800,1783036800,setl_7_016,1783036800,payment settled,,pay_7_00321,UTR700164491,ord_7_00321,,card,,,,
hold_7_00322,payment,4310700,0,4310700,INR,0,0,true,true,1783036800,1783036800,setl_7_016,1783036800,chargeback_hold settled,,hold_7_00322,UTR700164491,ord_7_00321,,card,,,,
pay_7_00323,payment,0,3650,3650,INR,73,13,false,true,1783036800,1783036800,setl_7_016,1783036800,payment settled,,pay_7_00323,UTR700164491,ord_7_00323,,netbanking,,,,
rfnd_7_00324,refund,1825,0,1825,INR,0,0,false,true,1783036800,1783036800,setl_7_016,1783036800,refund settled,,rfnd_7_00324,UTR700164491,ord_7_00323,,card,,,,
pay_7_00325,payment,0,791549,791549,INR,23746,4274,false,true,1783036800,1783036800,setl_7_016,1783036800,payment settled,,pay_7_00325,UTR700164491,ord_7_00325,,intl_card,,,,
pay_7_00326,payment,0,50000,50000,INR,1000,180,false,true,1783036800,1783036800,setl_7_016,1783036800,payment settled,,pay_7_00326,UTR700164491,ord_7_00326,,upi,,,,
pay_7_00327,payment,0,69475,69475,INR,1390,250,false,true,1783209600,1783209600,setl_7_017,1783209600,payment settled,,pay_7_00327,UTR700171990,ord_7_00327,,card,,,,
rfnd_7_00328,refund,17369,0,17369,INR,0,0,false,true,1783209600,1783209600,setl_7_017,1783209600,refund settled,,rfnd_7_00328,UTR700171990,ord_7_00327,,card,,,,
pay_7_00329,payment,0,228049,228049,INR,4561,821,false,true,1783209600,1783209600,setl_7_017,1783209600,payment settled,,pay_7_00329,UTR700171990,ord_7_00329,,card,,,,
pay_7_00330,payment,0,500000,500000,INR,10000,1800,false,true,1783209600,1783209600,setl_7_017,1783209600,payment settled,,pay_7_00330,UTR700171990,ord_7_00330,,upi,,,,
pay_7_00331,payment,0,2462599,2462599,INR,49252,8865,false,true,1783209600,1783209600,setl_7_017,1783209600,payment settled,,pay_7_00331,UTR700171990,ord_7_00331,,netbanking,,,,
rfnd_7_00332,refund,2462599,0,2462599,INR,0,0,false,true,1783209600,1783209600,setl_7_017,1783209600,refund settled,,rfnd_7_00332,UTR700171990,ord_7_00331,,card,,,,
pay_7_00333,payment,0,350000,350000,INR,7000,1260,false,true,1783209600,1783209600,setl_7_017,1783209600,payment settled,,pay_7_00333,UTR700171990,ord_7_00333,,upi,,,,
pay_7_00334,payment,0,300000,300000,INR,6000,1080,false,true,1783209600,1783209600,setl_7_017,1783209600,payment settled,,pay_7_00334,UTR700171990,ord_7_00334,,upi,,,,
pay_7_00335,payment,0,200000,200000,INR,4000,720,false,true,1783209600,1783209600,setl_7_017,1783209600,payment settled,,pay_7_00335,UTR700171990,ord_7_00335,,upi,,,,
pay_7_00336,payment,0,800000,800000,INR,16000,2880,false,true,1783209600,1783209600,setl_7_017,1783209600,payment settled,,pay_7_00336,UTR700171990,ord_7_00336,,upi,,,,
pay_7_00337,payment,0,63150,63150,INR,1263,227,false,true,1783209600,1783209600,setl_7_017,1783209600,payment settled,,pay_7_00337,UTR700171990,ord_7_00337,,card,,,,
pay_7_00338,payment,0,600000,600000,INR,12000,2160,false,true,1783209600,1783209600,setl_7_017,1783209600,payment settled,,pay_7_00338,UTR700171990,ord_7_00338,,upi,,,,
pay_7_00339,payment,0,1227675,1227675,INR,24554,4420,false,true,1783209600,1783209600,setl_7_017,1783209600,payment settled,,pay_7_00339,UTR700171990,ord_7_00339,,card,,,,
pay_7_00340,payment,0,44849,44849,INR,897,161,false,true,1783209600,1783209600,setl_7_017,1783209600,payment settled,,pay_7_00340,UTR700171990,ord_7_00340,,card,,,,
pay_7_00341,payment,0,30000,30000,INR,600,108,false,true,1783209600,1783209600,setl_7_017,1783209600,payment settled,,pay_7_00341,UTR700171990,ord_7_00341,,upi,,,,
pay_7_00342,payment,0,400000,400000,INR,8000,1440,false,true,1783209600,1783209600,setl_7_017,1783209600,payment settled,,pay_7_00342,UTR700171990,ord_7_00342,,upi,,,,
pay_7_00343,payment,0,12800100,12800100,INR,256002,46080,false,true,1783209600,1783209600,setl_7_017,1783209600,payment settled,,pay_7_00343,UTR700171990,ord_7_00343,,card,,,,
pay_7_00345,payment,0,7640250,7640250,INR,152805,27505,false,true,1783209600,1783209600,setl_7_017,1783209600,payment settled,,pay_7_00345,UTR700171990,ord_7_00345,,card,,,,
pay_7_00346,payment,0,500000,500000,INR,10000,1800,false,true,1783209600,1783209600,setl_7_017,1783209600,payment settled,,pay_7_00346,UTR700171990,ord_7_00346,,upi,,,,
pay_7_00347,payment,0,47310100,47310100,INR,1419303,255475,false,true,1783209600,1783209600,setl_7_017,1783209600,payment settled,,pay_7_00347,UTR700171990,ord_7_00347,,intl_card,,,,
rfnd_7_00344,refund,3200025,0,3200025,INR,0,0,false,true,1783382400,1783382400,setl_7_018,1783382400,refund settled,,rfnd_7_00344,UTR700188422,ord_7_00343,,card,,,,
pay_7_00348,payment,0,60000,60000,INR,1200,216,false,true,1783382400,1783382400,setl_7_018,1783382400,payment settled,,pay_7_00348,UTR700188422,ord_7_00348,,upi,,,,
pay_7_00349,payment,0,20000,20000,INR,400,72,false,true,1783382400,1783382400,setl_7_018,1783382400,payment settled,,pay_7_00349,UTR700188422,ord_7_00349,,upi,,,,
pay_7_00350,payment,0,7225,7225,INR,144,26,false,true,1783382400,1783382400,setl_7_018,1783382400,payment settled,,pay_7_00350,UTR700188422,ord_7_00350,,card,,,,
pay_7_00351,payment,0,900000,900000,INR,18000,3240,false,true,1783382400,1783382400,setl_7_018,1783382400,payment settled,,pay_7_00351,UTR700188422,ord_7_00351,,upi,,,,
hold_7_00352,payment,450000,0,450000,INR,0,0,true,true,1783382400,1783382400,setl_7_018,1783382400,chargeback_hold settled,,hold_7_00352,UTR700188422,ord_7_00351,,upi,,,,
pay_7_00353,payment,0,15357400,15357400,INR,460722,82930,false,true,1783382400,1783382400,setl_7_018,1783382400,payment settled,,pay_7_00353,UTR700188422,ord_7_00353,,intl_card,,,,
pay_7_00354,payment,0,15357400,15357400,INR,307148,55287,false,true,1783382400,1783382400,setl_7_018,1783382400,payment settled,,pay_7_00354,UTR700188422,ord_7_00353,,card,,,,
pay_7_00355,payment,0,602800,602800,INR,12056,2170,false,true,1783382400,1783382400,setl_7_018,1783382400,payment settled,,pay_7_00355,UTR700188422,ord_7_00355,,card,,,,
pay_7_00356,payment,0,40000,40000,INR,800,144,false,true,1783382400,1783382400,setl_7_018,1783382400,payment settled,,pay_7_00356,UTR700188422,ord_7_00356,,upi,,,,
pay_7_00357,payment,0,200000,200000,INR,4000,720,false,true,1783382400,1783382400,setl_7_018,1783382400,payment settled,,pay_7_00357,UTR700188422,ord_7_00357,,upi,,,,
pay_7_00358,payment,0,350000,350000,INR,7000,1260,false,true,1783382400,1783382400,setl_7_018,1783382400,payment settled,,pay_7_00358,UTR700188422,ord_7_00358,,upi,,,,
pay_7_00359,payment,0,3149,3149,INR,63,11,false,true,1783382400,1783382400,setl_7_018,1783382400,payment settled,,pay_7_00359,UTR700188422,ord_7_00359,,card,,,,
pay_7_00360,payment,0,6949,6949,INR,139,25,false,true,1783382400,1783382400,setl_7_018,1783382400,payment settled,,pay_7_00360,UTR700188422,ord_7_00360,,card,,,,
pay_7_00361,payment,0,800000,800000,INR,16000,2880,false,true,1783382400,1783382400,setl_7_018,1783382400,payment settled,,pay_7_00361,UTR700188422,ord_7_00361,,upi,,,,
pay_7_00362,payment,0,450000,450000,INR,9000,1620,false,true,1783382400,1783382400,setl_7_018,1783382400,payment settled,,pay_7_00362,UTR700188422,ord_7_00362,,upi,,,,
pay_7_00363,payment,0,800000,800000,INR,16000,2880,false,true,1783382400,1783382400,setl_7_018,1783382400,payment settled,,pay_7_00363,UTR700188422,ord_7_00363,,upi,,,,
pay_7_00364,payment,0,103300,103300,INR,2066,372,false,true,1783382400,1783382400,setl_7_018,1783382400,payment settled,,pay_7_00364,UTR700188422,ord_7_00364,,card,,,,
pay_7_00365,payment,0,9342599,9342599,INR,186852,33633,false,true,1783382400,1783382400,setl_7_018,1783382400,payment settled,,pay_7_00365,UTR700188422,ord_7_00365,,netbanking,,,,
pay_7_00366,payment,0,900000,900000,INR,18000,3240,false,true,1783382400,1783382400,setl_7_018,1783382400,payment settled,,pay_7_00366,UTR700188422,ord_7_00366,,upi,,,,
rfnd_7_00367,refund,225000,0,225000,INR,0,0,false,true,1783382400,1783382400,setl_7_018,1783382400,refund settled,,rfnd_7_00367,UTR700188422,ord_7_00366,,card,,,,
pay_7_00368,payment,0,200000,200000,INR,4000,720,false,true,1783555200,1783555200,setl_7_019,1783555200,payment settled,,pay_7_00368,UTR700194893,ord_7_00368,,upi,,,,
pay_7_00369,payment,0,80000,80000,INR,1600,288,false,true,1783555200,1783555200,setl_7_019,1783555200,payment settled,,pay_7_00369,UTR700194893,ord_7_00369,,upi,,,,
pay_7_00370,payment,0,5951400,5951400,INR,119028,21425,false,true,1783555200,1783555200,setl_7_019,1783555200,payment settled,,pay_7_00370,UTR700194893,ord_7_00370,,card,,,,
pay_7_00371,payment,0,400000,400000,INR,8000,1440,false,true,1783555200,1783555200,setl_7_019,1783555200,payment settled,,pay_7_00371,UTR700194893,ord_7_00371,,upi,,,,
pay_7_00372,payment,0,700000,700000,INR,14000,2520,false,true,1783555200,1783555200,setl_7_019,1783555200,payment settled,,pay_7_00372,UTR700194893,ord_7_00372,,upi,,,,
pay_7_00373,payment,0,26594899,26594899,INR,531898,95742,false,true,1783555200,1783555200,setl_7_019,1783555200,payment settled,,pay_7_00373,UTR700194893,ord_7_00373,,netbanking,,,,
pay_7_00374,payment,0,250000,250000,INR,5000,900,false,true,1783555200,1783555200,setl_7_019,1783555200,payment settled,,pay_7_00374,UTR700194893,ord_7_00374,,upi,,,,
pay_7_00375,payment,0,20000,20000,INR,400,72,false,true,1783555200,1783555200,setl_7_019,1783555200,payment settled,,pay_7_00375,UTR700194893,ord_7_00375,,upi,,,,
pay_7_00376,payment,0,700000,700000,INR,14000,2520,false,true,1783555200,1783555200,setl_7_019,1783555200,payment settled,,pay_7_00376,UTR700194893,ord_7_00376,,upi,,,,
pay_7_00377,payment,0,42067500,42067500,INR,1262025,227164,false,true,1783555200,1783555200,setl_7_019,1783555200,payment settled,,pay_7_00377,UTR700194893,ord_7_00377,,intl_card,,,,
pay_7_00378,payment,0,430950,430950,INR,8619,1551,false,true,1783555200,1783555200,setl_7_019,1783555200,payment settled,,pay_7_00378,UTR700194893,ord_7_00378,,card,,,,
pay_7_00379,payment,0,10700,10700,INR,214,39,false,true,1783555200,1783555200,setl_7_019,1783555200,payment settled,,pay_7_00379,UTR700194893,ord_7_00379,,card,,,,
pay_7_00380,payment,0,21099,21099,INR,422,76,false,true,1783555200,1783555200,setl_7_019,1783555200,payment settled,,pay_7_00380,UTR700194893,ord_7_00380,,card,,,,
pay_7_00381,payment,0,3546600,3546600,INR,70932,12768,false,true,1783728000,1783728000,setl_7_020,1783728000,payment settled,,pay_7_00381,UTR700208448,ord_7_00381,,netbanking,,,,
rfnd_7_00382,refund,886650,0,886650,INR,0,0,false,true,1783728000,1783728000,setl_7_020,1783728000,refund settled,,rfnd_7_00382,UTR700208448,ord_7_00381,,card,,,,
pay_7_00383,payment,0,3499,3499,INR,70,13,false,true,1783728000,1783728000,setl_7_020,1783728000,payment settled,,pay_7_00383,UTR700208448,ord_7_00383,,card,,,,
pay_7_00384,payment,0,10382600,10382600,INR,207652,37377,false,true,1783728000,1783728000,setl_7_020,1783728000,payment settled,,pay_7_00384,UTR700208448,ord_7_00384,,card,,,,
rfnd_7_00385,refund,10382600,0,10382600,INR,0,0,false,true,1783728000,1783728000,setl_7_020,1783728000,refund settled,,rfnd_7_00385,UTR700208448,ord_7_00384,,card,,,,
pay_7_00386,payment,0,36650,36650,INR,733,132,false,true,1783728000,1783728000,setl_7_020,1783728000,payment settled,,pay_7_00386,UTR700208448,ord_7_00386,,card,,,,
pay_7_00387,payment,0,28849,28849,INR,577,104,false,true,1783728000,1783728000,setl_7_020,1783728000,payment settled,,pay_7_00387,UTR700208448,ord_7_00387,,card,,,,
pay_7_00388,payment,0,29452299,29452299,INR,883569,159042,false,true,1783728000,1783728000,setl_7_020,1783728000,payment settled,,pay_7_00388,UTR700208448,ord_7_00388,,intl_card,,,,
pay_7_00389,payment,0,200000,200000,INR,4000,720,false,true,1783728000,1783728000,setl_7_020,1783728000,payment settled,,pay_7_00389,UTR700208448,ord_7_00389,,upi,,,,
pay_7_00390,payment,0,1766749,1766749,INR,35335,6360,false,true,1783728000,1783728000,setl_7_020,1783728000,payment settled,,pay_7_00390,UTR700208448,ord_7_00390,,card,,,,
rfnd_7_00391,refund,883374,0,883374,INR,0,0,false,true,1783728000,1783728000,setl_7_020,1783728000,refund settled,,rfnd_7_00391,UTR700208448,ord_7_00390,,card,,,,
pay_7_00392,payment,0,57049,57049,INR,1141,205,false,true,1783728000,1783728000,setl_7_020,1783728000,payment settled,,pay_7_00392,UTR700208448,ord_7_00392,,card,,,,
pay_7_00393,payment,0,24025400,24025400,INR,480508,86491,false,true,1783728000,1783728000,setl_7_020,1783728000,payment settled,,pay_7_00393,UTR700208448,ord_7_00393,,card,,,,
pay_7_00394,payment,0,60000,60000,INR,1200,216,false,true,1783728000,1783728000,setl_7_020,1783728000,payment settled,,pay_7_00394,UTR700208448,ord_7_00394,,upi,,,,
pay_7_00395,payment,0,8900,8900,INR,178,32,false,true,1783728000,1783728000,setl_7_020,1783728000,payment settled,,pay_7_00395,UTR700208448,ord_7_00395,,card,,,,
pay_7_00396,payment,0,200000,200000,INR,4000,720,false,true,1783728000,1783728000,setl_7_020,1783728000,payment settled,,pay_7_00396,UTR700208448,ord_7_00396,,upi,,,,
pay_7_00397,payment,0,50000,50000,INR,1000,180,false,true,1783728000,1783728000,setl_7_020,1783728000,payment settled,,pay_7_00397,UTR700208448,ord_7_00397,,upi,,,,
pay_7_00398,payment,0,250000,250000,INR,5000,900,false,true,1783728000,1783728000,setl_7_020,1783728000,payment settled,,pay_7_00398,UTR700208448,ord_7_00398,,upi,,,,
pay_7_00399,payment,0,100000,100000,INR,2000,360,false,true,1783728000,1783728000,setl_7_020,1783728000,payment settled,,pay_7_00399,UTR700208448,ord_7_00399,,upi,,,,
pay_7_00400,payment,0,90000,90000,INR,1800,324,false,true,1783728000,1783728000,setl_7_020,1783728000,payment settled,,pay_7_00400,UTR700208448,ord_7_00400,,upi,,,,
pay_7_00401,payment,0,6124999,6124999,INR,122500,22050,false,true,1783728000,1783728000,setl_7_020,1783728000,payment settled,,pay_7_00401,UTR700208448,ord_7_00401,,netbanking,,,,
pay_7_00402,payment,0,800000,800000,INR,16000,2880,false,true,1783728000,1783728000,setl_7_020,1783728000,payment settled,,pay_7_00402,UTR700208448,ord_7_00402,,upi,,,,
pay_7_00404,payment,0,60000,60000,INR,1200,216,false,true,1783728000,1783728000,setl_7_020,1783728000,payment settled,,pay_7_00404,UTR700208448,ord_7_00404,,upi,,,,
pay_7_00406,payment,0,496525,496525,INR,9930,1787,false,true,1783728000,1783728000,setl_7_020,1783728000,payment settled,,pay_7_00406,UTR700208448,ord_7_00406,,netbanking,,,,
pay_7_00407,payment,0,7399,7399,INR,222,40,false,true,1783728000,1783728000,setl_7_020,1783728000,payment settled,,pay_7_00407,UTR700208448,ord_7_00407,,intl_card,,,,
rfnd_7_00403,refund,800000,0,800000,INR,0,0,false,true,1783900800,1783900800,setl_7_021,1783900800,refund settled,,rfnd_7_00403,,ord_7_00402,,card,,,,
rfnd_7_00405,refund,30000,0,30000,INR,0,0,false,true,1783900800,1783900800,setl_7_021,1783900800,refund settled,,rfnd_7_00405,,ord_7_00404,,card,,,,
pay_7_00408,payment,0,9138675,9138675,INR,274160,49349,false,true,1783900800,1783900800,setl_7_021,1783900800,payment settled,,pay_7_00408,,ord_7_00408,,intl_card,,,,
rfnd_7_00409,refund,4569338,0,4569338,INR,0,0,false,true,1783900800,1783900800,setl_7_021,1783900800,refund settled,,rfnd_7_00409,,ord_7_00408,,card,,,,
pay_7_00410,payment,0,800000,800000,INR,16000,2880,false,true,1783900800,1783900800,setl_7_021,1783900800,payment settled,,pay_7_00410,,ord_7_00410,,upi,,,,
pay_7_00411,payment,0,6114775,6114775,INR,122296,22013,false,true,1783900800,1783900800,setl_7_021,1783900800,payment settled,,pay_7_00411,,ord_7_00411,,card,,,,
pay_7_00412,payment,0,6606699,6606699,INR,132134,23784,false,true,1783900800,1783900800,setl_7_021,1783900800,payment settled,,pay_7_00412,,ord_7_00412,,card,,,,
pay_7_00413,payment,0,6606699,6606699,INR,132134,23784,false,true,1783900800,1783900800,setl_7_021,1783900800,payment settled,,pay_7_00413,,ord_7_00412,,card,,,,
pay_7_00415,payment,0,162725,162725,INR,3254,586,false,true,1783900800,1783900800,setl_7_021,1783900800,payment settled,,pay_7_00415,,ord_7_00415,,card,,,,
pay_7_00416,payment,0,400000,400000,INR,8000,1440,false,true,1783900800,1783900800,setl_7_021,1783900800,payment settled,,pay_7_00416,,ord_7_00416,,upi,,,,
pay_7_00417,payment,0,200000,200000,INR,4000,720,false,true,1783900800,1783900800,setl_7_021,1783900800,payment settled,,pay_7_00417,,ord_7_00417,,upi,,,,
pay_7_00418,payment,0,66349,66349,INR,1327,239,false,true,1783900800,1783900800,setl_7_021,1783900800,payment settled,,pay_7_00418,,ord_7_00418,,card,,,,
pay_7_00420,payment,0,249075,249075,INR,4982,897,false,true,1783900800,1783900800,setl_7_021,1783900800,payment settled,,pay_7_00420,,ord_7_00420,,card,,,,
pay_7_00421,payment,0,11175,11175,INR,224,40,false,true,1783900800,1783900800,setl_7_021,1783900800,payment settled,,pay_7_00421,,ord_7_00421,,netbanking,,,,
pay_7_00422,payment,0,1855499,1855499,INR,37110,6680,false,true,1783900800,1783900800,setl_7_021,1783900800,payment settled,,pay_7_00422,,ord_7_00422,,card,,,,
pay_7_00423,payment,0,3575,3575,INR,72,13,false,true,1783900800,1783900800,setl_7_021,1783900800,payment settled,,pay_7_00423,,ord_7_00423,,netbanking,,,,
pay_7_00424,payment,0,259625,259625,INR,6491,1168,false,true,1783900800,1783900800,setl_7_021,1783900800,payment settled,,pay_7_00424,,ord_7_00424,,card,,,,
pay_7_00425,payment,0,4289699,4289699,INR,128691,23164,false,true,1783900800,1783900800,setl_7_021,1783900800,payment settled,,pay_7_00425,,ord_7_00425,,intl_card,,,,
pay_7_00426,payment,0,14449,14449,INR,289,52,false,true,1784073600,1784073600,setl_7_022,1784073600,payment settled,,pay_7_00426,UTR700226902,ord_7_00426,,card,,,,
rfnd_7_00427,refund,7224,0,7224,INR,0,0,false,true,1784073600,1784073600,setl_7_022,1784073600,refund settled,,rfnd_7_00427,UTR700226902,ord_7_00426,,card,,,,
pay_7_00428,payment,0,15725,15725,INR,314,57,false,true,1784073600,1784073600,setl_7_022,1784073600,payment settled,,pay_7_00428,UTR700226902,ord_7_00428,,netbanking,,,,
pay_7_00429,payment,0,300000,300000,INR,6000,1080,false,true,1784073600,1784073600,setl_7_022,1784073600,payment settled,,pay_7_00429,UTR700226902,ord_7_00429,,upi,,,,
pay_7_00430,payment,0,8949,8949,INR,179,32,false,true,1784073600,1784073600,setl_7_022,1784073600,payment settled,,pay_7_00430,UTR700226902,ord_7_00430,,card,,,,
pay_7_00431,payment,0,289949,289949,INR,5799,1044,false,true,1784073600,1784073600,setl_7_022,1784073600,payment settled,,pay_7_00431,UTR700226902,ord_7_00431,,netbanking,,,,
pay_7_00432,payment,0,20000,20000,INR,400,72,false,true,1784073600,1784073600,setl_7_022,1784073600,payment settled,,pay_7_00432,UTR700226902,ord_7_00432,,upi,,,,
pay_7_00433,payment,0,700000,700000,INR,14000,2520,false,true,1784073600,1784073600,setl_7_022,1784073600,payment settled,,pay_7_00433,UTR700226902,ord_7_00433,,upi,,,,
pay_7_00434,payment,0,5589950,5589950,INR,111799,20124,false,true,1784073600,1784073600,setl_7_022,1784073600,payment settled,,pay_7_00434,UTR700226902,ord_7_00434,,netbanking,,,,
pay_7_00435,payment,0,3046200,3046200,INR,60924,10966,false,true,1784073600,1784073600,setl_7_022,1784073600,payment settled,,pay_7_00435,UTR700226902,ord_7_00435,,card,,,,
pay_7_00437,payment,0,3049,3049,INR,61,11,false,true,1784073600,1784073600,setl_7_022,1784073600,payment settled,,pay_7_00437,UTR700226902,ord_7_00437,,card,,,,
pay_7_00438,payment,0,500000,500000,INR,10000,1800,false,true,1784073600,1784073600,setl_7_022,1784073600,payment settled,,pay_7_00438,UTR700226902,ord_7_00438,,upi,,,,
pay_7_00439,payment,0,49099,49099,INR,982,177,false,true,1784073600,1784073600,setl_7_022,1784073600,payment settled,,pay_7_00439,UTR700226902,ord_7_00439,,card,,,,
pay_7_00440,payment,0,42600,42600,INR,852,153,false,true,1784073600,1784073600,setl_7_022,1784073600,payment settled,,pay_7_00440,UTR700226902,ord_7_00440,,netbanking,,,,
rfnd_7_00436,refund,1523100,0,1523100,INR,0,0,false,true,1784246400,1784246400,setl_7_023,1784246400,refund settled,,rfnd_7_00436,UTR700239247,ord_7_00435,,card,,,,
rfnd_7_00441,refund,10650,0,10650,INR,0,0,false,true,1784246400,1784246400,setl_7_023,1784246400,refund settled,,rfnd_7_00441,UTR700239247,ord_7_00440,,card,,,,
pay_7_00442,payment,0,931249,931249,INR,18625,3352,false,true,1784246400,1784246400,setl_7_023,1784246400,payment settled,,pay_7_00442,UTR700239247,ord_7_00442,,netbanking,,,,
pay_7_00443,payment,0,90000,90000,INR,1800,324,false,true,1784246400,1784246400,setl_7_023,1784246400,payment settled,,pay_7_00443,UTR700239247,ord_7_00443,,upi,,,,
pay_7_00444,payment,0,300000,300000,INR,6000,1080,false,true,1784246400,1784246400,setl_7_023,1784246400,payment settled,,pay_7_00444,UTR700239247,ord_7_00444,,upi,,,,
pay_7_00445,payment,0,1958200,1958200,INR,39164,7050,false,true,1784246400,1784246400,setl_7_023,1784246400,payment settled,,pay_7_00445,UTR700239247,ord_7_00445,,netbanking,,,,
pay_7_00446,payment,0,247599,247599,INR,4952,891,false,true,1784246400,1784246400,setl_7_023,1784246400,payment settled,,pay_7_00446,UTR700239247,ord_7_00446,,netbanking,,,,
pay_7_00447,payment,0,500000,500000,INR,10000,1800,false,true,1784246400,1784246400,setl_7_023,1784246400,payment settled,,pay_7_00447,UTR700239247,ord_7_00447,,upi,,,,
pay_7_00448,payment,0,6253200,6253200,INR,125064,22512,false,true,1784246400,1784246400,setl_7_023,1784246400,payment settled,,pay_7_00448,UTR700239247,ord_7_00448,,netbanking,,,,
pay_7_00450,payment,0,400000,400000,INR,8000,1440,false,true,1784246400,1784246400,setl_7_023,1784246400,payment settled,,pay_7_00450,UTR700239247,ord_7_00450,,upi,,,,
pay_7_00451,payment,0,18728275,18728275,INR,374566,67422,false,true,1784246400,1784246400,setl_7_023,1784246400,payment settled,,pay_7_00451,UTR700239247,ord_7_00451,,card,,,,
pay_7_00452,payment,0,6725,6725,INR,134,24,false,true,1784246400,1784246400,setl_7_023,1784246400,payment settled,,pay_7_00452,UTR700239247,ord_7_00452,,card,,,,
pay_7_00453,payment,0,22925,22925,INR,458,82,false,true,1784246400,1784246400,setl_7_023,1784246400,payment settled,,pay_7_00453,UTR700239247,ord_7_00453,,card,,,,
pay_7_00454,payment,0,3475700,3475700,INR,69514,12513,false,true,1784246400,1784246400,setl_7_023,1784246400,payment settled,,pay_7_00454,UTR700239247,ord_7_00454,,netbanking,,,,
pay_7_00455,payment,0,3475700,3475700,INR,69514,12513,false,true,1784246400,1784246400,setl_7_023,1784246400,payment settled,,pay_7_00455,UTR700239247,ord_7_00454,,card,,,,
pay_7_00456,payment,0,3275,3275,INR,98,18,false,true,1784246400,1784246400,setl_7_023,1784246400,payment settled,,pay_7_00456,UTR700239247,ord_7_00456,,intl_card,,,,
pay_7_00457,payment,0,80549,80549,INR,1611,290,false,true,1784246400,1784246400,setl_7_023,1784246400,payment settled,,pay_7_00457,UTR700239247,ord_7_00457,,netbanking,,,,
pay_7_00458,payment,0,8249,8249,INR,165,30,false,true,1784246400,1784246400,setl_7_023,1784246400,payment settled,,pay_7_00458,UTR700239247,ord_7_00458,,netbanking,,,,
pay_7_00459,payment,0,800000,800000,INR,16000,2880,false,true,1784419200,1784419200,setl_7_024,1784419200,payment settled,,pay_7_00459,UTR700244928,ord_7_00459,,upi,,,,
pay_7_00461,payment,0,1423499,1423499,INR,28470,5125,false,true,1784419200,1784419200,setl_7_024,1784419200,payment settled,,pay_7_00461,UTR700244928,ord_7_00461,,card,,,,
hold_7_00462,payment,711750,0,711750,INR,0,0,true,true,1784419200,1784419200,setl_7_024,1784419200,chargeback_hold settled,,hold_7_00462,UTR700244928,ord_7_00461,,card,,,,
pay_7_00463,payment,0,28222100,28222100,INR,564442,101600,false,true,1784419200,1784419200,setl_7_024,1784419200,payment settled,,pay_7_00463,UTR700244928,ord_7_00463,,card,,,,
pay_7_00464,payment,0,315300,315300,INR,6306,1135,false,true,1784419200,1784419200,setl_7_024,1784419200,payment settled,,pay_7_00464,UTR700244928,ord_7_00464,,card,,,,
pay_7_00465,payment,0,426050,426050,INR,9799,1764,false,true,1784419200,1784419200,setl_7_024,1784419200,payment settled,,pay_7_00465,UTR700244928,ord_7_00465,,netbanking,,,,
pay_7_00466,payment,0,7120500,7120500,INR,142410,25634,false,true,1784419200,1784419200,setl_7_024,1784419200,payment settled,,pay_7_00466,UTR700244928,ord_7_00466,,card,,,,
pay_7_00467,payment,0,18549,18549,INR,371,67,false,true,1784419200,1784419200,setl_7_024,1784419200,payment settled,,pay_7_00467,UTR700244928,ord_7_00467,,netbanking,,,,
rfnd_7_00468,refund,18549,0,18549,INR,0,0,false,true,1784419200,1784419200,setl_7_024,1784419200,refund settled,,rfnd_7_00468,UTR700244928,ord_7_00467,,card,,,,
pay_7_00469,payment,0,50000,50000,INR,1000,180,false,true,1784419200,1784419200,setl_7_024,1784419200,payment settled,,pay_7_00469,UTR700244928,ord_7_00469,,upi,,,,
pay_7_00470,payment,0,30000,30000,INR,600,108,false,true,1784419200,1784419200,setl_7_024,1784419200,payment settled,,pay_7_00470,UTR700244928,ord_7_00470,,upi,,,,
pay_7_00471,payment,0,30000,30000,INR,600,108,false,true,1784419200,1784419200,setl_7_024,1784419200,payment settled,,pay_7_00471,UTR700244928,ord_7_00471,,upi,,,,
pay_7_00472,payment,0,15292800,15292800,INR,305856,55054,false,true,1784419200,1784419200,setl_7_024,1784419200,payment settled,,pay_7_00472,UTR700244928,ord_7_00472,,card,,,,
rfnd_7_00473,refund,7646400,0,7646400,INR,0,0,false,true,1784419200,1784419200,setl_7_024,1784419200,refund settled,,rfnd_7_00473,UTR700244928,ord_7_00472,,card,,,,
pay_7_00474,payment,0,222299,222299,INR,4446,800,false,true,1784419200,1784419200,setl_7_024,1784419200,payment settled,,pay_7_00474,UTR700244928,ord_7_00474,,card,,,,
pay_7_00475,payment,0,500000,500000,INR,10000,1800,false,true,1784419200,1784419200,setl_7_024,1784419200,payment settled,,pay_7_00475,UTR700244928,ord_7_00475,,upi,,,,
pay_7_00476,payment,0,100000,100000,INR,2000,360,false,true,1784419200,1784419200,setl_7_024,1784419200,payment settled,,pay_7_00476,UTR700244928,ord_7_00476,,upi,,,,
pay_7_00477,payment,0,5099,5099,INR,102,18,false,true,1784419200,1784419200,setl_7_024,1784419200,payment settled,,pay_7_00477,UTR700244928,ord_7_00477,,card,,,,
rfnd_7_00478,refund,5099,0,5099,INR,0,0,false,true,1784419200,1784419200,setl_7_024,1784419200,refund settled,,rfnd_7_00478,UTR700244928,ord_7_00477,,card,,,,
pay_7_00479,payment,0,4622900,4622900,INR,92458,16642,false,true,1784419200,1784419200,setl_7_024,1784419200,payment settled,,pay_7_00479,UTR700244928,ord_7_00479,,card,,,,
pay_7_00480,payment,0,30182625,30182625,INR,603652,108657,false,true,1784419200,1784419200,setl_7_024,1784419200,payment settled,,pay_7_00480,UTR700244928,ord_7_00480,,card,,,,
pay_7_00481,payment,0,30182625,30182625,INR,603652,108657,false,true,1784419200,1784419200,setl_7_024,1784419200,payment settled,,pay_7_00481,UTR700244928,ord_7_00480,,card,,,,
pay_7_00482,payment,0,35342999,35342999,INR,706860,127235,false,true,1784419200,1784419200,setl_7_024,1784419200,payment settled,,pay_7_00482,UTR700244928,ord_7_00482,,card,,,,
pay_7_00483,payment,0,400000,400000,INR,8000,1440,false,true,1784419200,1784419200,setl_7_024,1784419200,payment settled,,pay_7_00483,UTR700244928,ord_7_00483,,upi,,,,
