txn_id,settlement_batch_id,utr,txn_type,gross_amount,fee,gst_on_fee,settled_on,order_id,method
pay_7_00001,setl_7_000,,payment,5489.25,109.78,19.76,2026-06-01,ord_7_00001,card
pay_7_00002,setl_7_000,,payment,5000.00,100.00,18.00,2026-06-01,ord_7_00002,upi
rfnd_7_00003,setl_7_000,,refund,5000.00,0.00,0.00,2026-06-01,ord_7_00002,card
pay_7_00004,setl_7_000,,payment,121.00,2.42,0.44,2026-06-01,ord_7_00004,card
pay_7_00006,setl_7_000,,payment,53.00,1.06,0.19,2026-06-01,ord_7_00006,card
pay_7_00007,setl_7_000,,payment,5000.00,100.00,18.00,2026-06-01,ord_7_00007,upi
pay_7_00008,setl_7_000,,payment,4000.00,80.00,14.40,2026-06-01,ord_7_00008,upi
pay_7_00009,setl_7_000,,payment,25855.49,517.11,93.08,2026-06-01,ord_7_00009,card
rfnd_7_00010,setl_7_000,,refund,6463.87,0.00,0.00,2026-06-01,ord_7_00009,card
pay_7_00011,setl_7_000,,payment,16188.99,323.78,58.28,2026-06-01,ord_7_00011,netbanking
pay_7_00012,setl_7_000,,payment,500.00,10.00,1.80,2026-06-01,ord_7_00012,upi
pay_7_00013,setl_7_000,,payment,446.00,8.92,1.61,2026-06-01,ord_7_00013,netbanking
pay_7_00014,setl_7_000,,payment,500.00,10.00,1.80,2026-06-01,ord_7_00014,upi
hold_7_00015,setl_7_000,,chargeback_hold,250.00,0.00,0.00,2026-06-01,ord_7_00014,upi
pay_7_00016,setl_7_000,,payment,7381.00,147.62,26.57,2026-06-01,ord_7_00016,card
pay_7_00017,setl_7_000,,payment,147633.75,2952.68,531.48,2026-06-01,ord_7_00017,card
pay_7_00018,setl_7_000,,payment,200.00,4.60,0.83,2026-06-01,ord_7_00018,upi
pay_7_00019,setl_7_000,,payment,6000.00,120.00,21.60,2026-06-01,ord_7_00019,upi
pay_7_00020,setl_7_000,,payment,69.00,1.38,0.25,2026-06-01,ord_7_00020,card
pay_7_00021,setl_7_000,,payment,1010.99,20.22,3.64,2026-06-01,ord_7_00021,card
pay_7_00022,setl_7_000,,payment,5000.00,100.00,18.00,2026-06-01,ord_7_00022,upi
pay_7_00023,setl_7_000,,payment,199.00,3.98,0.72,2026-06-01,ord_7_00023,netbanking
rfnd_7_00024,setl_7_000,,refund,99.50,0.00,0.00,2026-06-01,ord_7_00023,card
pay_7_00025,setl_7_000,,payment,197.49,5.92,1.07,2026-06-01,ord_7_00025,intl_card
pay_7_00026,setl_7_000,,payment,8000.00,160.00,28.80,2026-06-01,ord_7_00026,upi
pay_7_00027,setl_7_000,,payment,8000.00,160.00,28.80,2026-06-01,ord_7_00026,card
rfnd_7_00005,setl_7_001,UTR700018109,refund,30.25,0.00,0.00,2026-06-03,ord_7_00004,card
pay_7_00028,setl_7_001,UTR700018109,payment,7000.00,140.00,25.20,2026-06-03,ord_7_00028,upi
pay_7_00029,setl_7_001,UTR700018109,payment,76216.00,1524.32,274.38,2026-06-03,ord_7_00029,card
rfnd_7_00030,setl_7_001,UTR700018109,refund,19054.00,0.00,0.00,2026-06-03,ord_7_00029,card
pay_7_00031,setl_7_001,UTR700018109,payment,500.00,10.00,1.80,2026-06-03,ord_7_00031,upi
pay_7_00032,setl_7_001,UTR700018109,payment,99762.00,1995.24,359.14,2026-06-03,ord_7_00032,netbanking
pay_7_00033,setl_7_001,UTR700018109,payment,900.00,18.00,3.24,2026-06-03,ord_7_00033,upi
pay_7_00034,setl_7_001,UTR700018109,payment,12327.00,246.54,44.38,2026-06-03,ord_7_00034,card
pay_7_00035,setl_7_001,UTR700018109,payment,3000.00,60.00,10.80,2026-06-03,ord_7_00035,upi
pay_7_00036,setl_7_001,UTR700018109,payment,10867.00,217.34,39.12,2026-06-03,ord_7_00036,card
pay_7_00037,setl_7_001,UTR700018109,payment,285013.25,8550.40,1539.07,2026-06-03,ord_7_00037,intl_card
pay_7_00038,setl_7_002,,payment,351.00,10.53,1.90,2026-06-05,ord_7_00038,intl_card
pay_7_00039,setl_7_002,,payment,144.50,4.34,0.78,2026-06-05,ord_7_00039,intl_card
pay_7_00040,setl_7_002,,payment,6000.00,120.00,21.60,2026-06-05,ord_7_00040,upi
pay_7_00041,setl_7_002,,payment,2000.00,40.00,7.20,2026-06-05,ord_7_00041,upi
pay_7_00042,setl_7_002,,payment,5527.49,110.55,19.90,2026-06-05,ord_7_00042,card
rfnd_7_00043,setl_7_002,,refund,5527.49,0.00,0.00,2026-06-05,ord_7_00042,card
pay_7_00044,setl_7_002,,payment,72690.00,1453.80,261.68,2026-06-05,ord_7_00044,card
hold_7_00045,setl_7_002,,chargeback_hold,36345.00,0.00,0.00,2026-06-05,ord_7_00044,card
pay_7_00046,setl_7_002,,payment,9000.00,180.00,32.40,2026-06-05,ord_7_00046,upi
pay_7_00047,setl_7_002,,payment,8000.00,160.00,28.80,2026-06-05,ord_7_00047,upi
rfnd_7_00048,setl_7_002,,refund,2000.00,0.00,0.00,2026-06-05,ord_7_00047,card
pay_7_00049,setl_7_002,,payment,800.00,16.00,2.88,2026-06-05,ord_7_00049,upi
pay_7_00050,setl_7_002,,payment,597.00,17.91,3.22,2026-06-05,ord_7_00050,intl_card
pay_7_00051,setl_7_003,UTR700031907,payment,106864.75,2137.30,384.71,2026-06-07,ord_7_00051,card
pay_7_00052,setl_7_003,UTR700031907,payment,31.25,0.94,0.17,2026-06-07,ord_7_00052,intl_card
pay_7_00053,setl_7_003,UTR700031907,payment,5000.00,100.00,18.00,2026-06-07,ord_7_00053,upi
pay_7_00054,setl_7_003,UTR700031907,payment,5000.00,100.00,18.00,2026-06-07,ord_7_00054,upi
pay_7_00055,setl_7_003,UTR700031907,payment,154350.50,3087.01,555.66,2026-06-07,ord_7_00055,card
pay_7_00056,setl_7_003,UTR700031907,payment,31317.49,626.35,112.74,2026-06-07,ord_7_00056,card
pay_7_00057,setl_7_003,UTR700031907,payment,74876.75,1497.54,269.56,2026-06-07,ord_7_00057,card
rfnd_7_00058,setl_7_003,UTR700031907,refund,18719.19,0.00,0.00,2026-06-07,ord_7_00057,card
pay_7_00059,setl_7_003,UTR700031907,payment,83.75,1.68,0.30,2026-06-07,ord_7_00059,card
pay_7_00060,setl_7_003,UTR700031907,payment,59.49,1.19,0.21,2026-06-07,ord_7_00060,netbanking
pay_7_00061,setl_7_003,UTR700031907,payment,4000.00,80.00,14.40,2026-06-07,ord_7_00061,upi
pay_7_00062,setl_7_003,UTR700031907,payment,5000.00,100.00,18.00,2026-06-07,ord_7_00062,upi
hold_7_00063,setl_7_003,UTR700031907,chargeback_hold,2500.00,0.00,0.00,2026-06-07,ord_7_00062,upi
pay_7_00064,setl_7_003,UTR700031907,payment,4000.00,80.00,14.40,2026-06-07,ord_7_00064,upi
pay_7_00065,setl_7_003,UTR700031907,payment,620.00,21.70,3.91,2026-06-07,ord_7_00065,intl_card
pay_7_00066,setl_7_003,UTR700031907,payment,300.00,6.00,1.08,2026-06-07,ord_7_00066,upi
pay_7_00067,setl_7_003,UTR700031907,payment,4000.00,80.00,14.40,2026-06-07,ord_7_00067,upi
pay_7_00068,setl_7_003,UTR700031907,payment,600.00,12.00,2.16,2026-06-07,ord_7_00068,upi
rfnd_7_00069,setl_7_003,UTR700031907,refund,150.00,0.00,0.00,2026-06-07,ord_7_00068,card
pay_7_00070,setl_7_003,UTR700031907,payment,1500.00,30.00,5.40,2026-06-07,ord_7_00070,upi
pay_7_00071,setl_7_003,UTR700031907,payment,2500.00,50.00,9.00,2026-06-07,ord_7_00071,upi
pay_7_00072,setl_7_004,UTR700047731,payment,45161.99,903.24,162.58,2026-06-09,ord_7_00072,netbanking
pay_7_00073,setl_7_004,UTR700047731,payment,360.99,10.83,1.95,2026-06-09,ord_7_00073,intl_card
pay_7_00074,setl_7_004,UTR700047731,payment,144.00,2.88,0.52,2026-06-09,ord_7_00074,card
pay_7_00075,setl_7_004,UTR700047731,payment,6000.00,120.00,21.60,2026-06-09,ord_7_00075,upi
pay_7_00076,setl_7_004,UTR700047731,payment,1658.50,33.17,5.97,2026-06-09,ord_7_00076,card
pay_7_00077,setl_7_004,UTR700047731,payment,23795.49,475.91,85.66,2026-06-09,ord_7_00077,card
pay_7_00078,setl_7_004,UTR700047731,payment,319541.75,6390.84,1150.35,2026-06-09,ord_7_00078,netbanking
pay_7_00079,setl_7_004,UTR700047731,payment,4500.00,90.00,16.20,2026-06-09,ord_7_00079,upi
pay_7_00080,setl_7_004,UTR700047731,payment,283107.99,5662.16,1019.19,2026-06-09,ord_7_00080,card
pay_7_00082,setl_7_004,UTR700047731,payment,15934.25,478.03,86.05,2026-06-09,ord_7_00082,intl_card
pay_7_00083,setl_7_004,UTR700047731,payment,5000.00,150.00,27.00,2026-06-09,ord_7_00083,upi
pay_7_00084,setl_7_004,UTR700047731,payment,3046.00,60.92,10.97,2026-06-09,ord_7_00084,card
pay_7_00085,setl_7_004,UTR700047731,payment,3500.00,70.00,12.60,2026-06-09,ord_7_00085,upi
pay_7_00086,setl_7_004,UTR700047731,payment,69535.99,1390.72,250.33,2026-06-09,ord_7_00086,netbanking
pay_7_00087,setl_7_004,UTR700047731,payment,8000.00,160.00,28.80,2026-06-09,ord_7_00087,upi
pay_7_00088,setl_7_004,UTR700047731,payment,2000.00,40.00,7.20,2026-06-09,ord_7_00088,upi
pay_7_00089,setl_7_004,UTR700047731,payment,4000.00,80.00,14.40,2026-06-09,ord_7_00089,upi
pay_7_00090,setl_7_005,UTR700057884,payment,2500.00,50.00,9.00,2026-06-11,ord_7_00090,upi
pay_7_00091,setl_7_005,UTR700057884,payment,700.00,14.00,2.52,2026-06-11,ord_7_00091,upi
pay_7_00092,setl_7_005,UTR700057884,payment,3000.00,60.00,10.80,2026-06-11,ord_7_00092,upi
pay_7_00093,setl_7_005,UTR700057884,payment,437.00,8.74,1.57,2026-06-11,ord_7_00093,card
rfnd_7_00094,setl_7_005,UTR700057884,refund,109.25,0.00,0.00,2026-06-11,ord_7_00093,card
pay_7_00095,setl_7_005,UTR700057884,payment,319438.50,6388.77,1149.98,2026-06-11,ord_7_00095,card
pay_7_00097,setl_7_005,UTR700057884,payment,3000.00,60.00,10.80,2026-06-11,ord_7_00097,upi
pay_7_00098,setl_7_005,UTR700057884,payment,56.00,1.12,0.20,2026-06-11,ord_7_00098,card
pay_7_00099,setl_7_005,UTR700057884,payment,227.50,4.55,0.82,2026-06-11,ord_7_00099,card
pay_7_00100,setl_7_005,UTR700057884,payment,43148.75,862.98,155.34,2026-06-11,ord_7_00100,card
pay_7_00101,setl_7_005,UTR700057884,payment,500.00,10.00,1.80,2026-06-11,ord_7_00101,upi
pay_7_00102,setl_7_005,UTR700057884,payment,4158.00,83.16,14.97,2026-06-11,ord_7_00102,card
hold_7_00103,setl_7_005,UTR700057884,chargeback_hold,2079.00,0.00,0.00,2026-06-11,ord_7_00102,card
pay_7_00104,setl_7_005,UTR700057884,payment,500.00,10.00,1.80,2026-06-11,ord_7_00104,upi
pay_7_00105,setl_7_005,UTR700057884,payment,136075.50,2721.51,489.87,2026-06-11,ord_7_00105,card
pay_7_00106,setl_7_005,UTR700057884,payment,136075.50,2721.51,489.87,2026-06-11,ord_7_00105,card
pay_7_00107,setl_7_005,UTR700057884,payment,2500.00,50.00,9.00,2026-06-11,ord_7_00107,upi
pay_7_00108,setl_7_005,UTR700057884,payment,500.00,10.00,1.80,2026-06-11,ord_7_00108,upi
pay_7_00109,setl_7_005,UTR700057884,payment,14984.00,299.68,53.94,2026-06-11,ord_7_00109,card
rfnd_7_00110,setl_7_005,UTR700057884,refund,3746.00,0.00,0.00,2026-06-11,ord_7_00109,card
pay_7_00111,setl_7_006,,payment,1500.00,30.00,5.40,2026-06-13,ord_7_00111,upi
pay_7_00112,setl_7_006,,payment,6000.00,120.00,21.60,2026-06-13,ord_7_00112,upi
rfnd_7_00113,setl_7_006,,refund,3000.00,0.00,0.00,2026-06-13,ord_7_00112,card
pay_7_00114,setl_7_006,,payment,400.00,8.00,1.44,2026-06-13,ord_7_00114,upi
pay_7_00115,setl_7_006,,payment,12477.75,249.56,44.92,2026-06-13,ord_7_00115,netbanking
pay_7_00116,setl_7_006,,payment,900.00,18.00,3.24,2026-06-13,ord_7_00116,upi
rfnd_7_00117,setl_7_006,,refund,225.00,0.00,0.00,2026-06-13,ord_7_00116,card
pay_7_00118,setl_7_006,,payment,20666.99,413.34,74.40,2026-06-13,ord_7_00118,netbanking
pay_7_00119,setl_7_006,,payment,3000.00,60.00,10.80,2026-06-13,ord_7_00119,upi
pay_7_00120,setl_7_006,,payment,3000.00,60.00,10.80,2026-06-13,ord_7_00119,card
pay_7_00121,setl_7_006,,payment,12264.75,245.30,44.15,2026-06-13,ord_7_00121,card
rfnd_7_00122,setl_7_006,,refund,6132.38,0.00,0.00,2026-06-13,ord_7_00121,card
pay_7_00123,setl_7_007,UTR700072310,payment,4023.50,80.47,14.48,2026-06-15,ord_7_00123,card
rfnd_7_00124,setl_7_007,UTR700072310,refund,4023.50,0.00,0.00,2026-06-15,ord_7_00123,card
pay_7_00125,setl_7_007,UTR700072310,payment,3578.75,71.58,12.88,2026-06-15,ord_7_00125,netbanking
pay_7_00126,setl_7_007,UTR700072310,payment,800.00,16.00,2.88,2026-06-15,ord_7_00126,upi
pay_7_00127,setl_7_007,UTR700072310,payment,4000.00,80.00,14.40,2026-06-15,ord_7_00127,upi
pay_7_00129,setl_7_007,UTR700072310,payment,126091.75,2521.84,453.93,2026-06-15,ord_7_00129,card
pay_7_00130,setl_7_007,UTR700072310,payment,6000.00,120.00,21.60,2026-06-15,ord_7_00130,upi
pay_7_00131,setl_7_007,UTR700072310,payment,6000.00,138.00,24.84,2026-06-15,ord_7_00131,upi
pay_7_00132,setl_7_007,UTR700072310,payment,200.00,4.00,0.72,2026-06-15,ord_7_00132,upi
pay_7_00133,setl_7_007,UTR700072310,payment,800.00,16.00,2.88,2026-06-15,ord_7_00133,upi
pay_7_00134,setl_7_007,UTR700072310,payment,500.00,10.00,1.80,2026-06-15,ord_7_00134,upi
pay_7_00135,setl_7_007,UTR700072310,payment,200.00,4.00,0.72,2026-06-15,ord_7_00135,upi
rfnd_7_00136,setl_7_007,UTR700072310,refund,50.00,0.00,0.00,2026-06-15,ord_7_00135,card
pay_7_00137,setl_7_007,UTR700072310,payment,9000.00,180.00,32.40,2026-06-15,ord_7_00137,upi
pay_7_00139,setl_7_007,UTR700072310,payment,170542.75,3410.86,613.95,2026-06-15,ord_7_00139,card
pay_7_00140,setl_7_007,UTR700072310,payment,200.00,4.00,0.72,2026-06-15,ord_7_00140,upi
pay_7_00141,setl_7_007,UTR700072310,payment,6533.50,130.67,23.52,2026-06-15,ord_7_00141,card
pay_7_00143,setl_7_007,UTR700072310,payment,377.00,7.54,1.36,2026-06-15,ord_7_00143,netbanking
pay_7_00144,setl_7_007,UTR700072310,payment,1199.75,24.00,4.32,2026-06-15,ord_7_00144,card
pay_7_00145,setl_7_007,UTR700072310,payment,125156.50,3754.70,675.85,2026-06-15,ord_7_00145,intl_card
pay_7_00146,setl_7_007,UTR700072310,payment,3000.00,60.00,10.80,2026-06-15,ord_7_00146,upi
pay_7_00147,setl_7_007,UTR700072310,payment,200.00,4.00,0.72,2026-06-15,ord_7_00147,upi
rfnd_7_00128,setl_7_008,UTR700081554,refund,1000.00,0.00,0.00,2026-06-17,ord_7_00127,card
rfnd_7_00138,setl_7_008,UTR700081554,refund,2250.00,0.00,0.00,2026-06-17,ord_7_00137,card
rfnd_7_00142,setl_7_008,UTR700081554,refund,1633.38,0.00,0.00,2026-06-17,ord_7_00141,card
pay_7_00148,setl_7_008,UTR700081554,payment,210714.75,4214.30,758.57,2026-06-17,ord_7_00148,card
pay_7_00149,setl_7_008,UTR700081554,payment,500.00,10.00,1.80,2026-06-17,ord_7_00149,upi
pay_7_00150,setl_7_008,UTR700081554,payment,10440.50,208.81,37.59,2026-06-17,ord_7_00150,netbanking
pay_7_00151,setl_7_008,UTR700081554,payment,28319.49,566.39,101.95,2026-06-17,ord_7_00151,card
pay_7_00152,setl_7_008,UTR700081554,payment,494.75,17.32,3.12,2026-06-17,ord_7_00152,intl_card
pay_7_00153,setl_7_008,UTR700081554,payment,2000.00,40.00,7.20,2026-06-17,ord_7_00153,upi
pay_7_00154,setl_7_008,UTR700081554,payment,3524.99,70.50,12.69,2026-06-17,ord_7_00154,card
pay_7_00155,setl_7_008,UTR700081554,payment,2500.00,50.00,9.00,2026-06-17,ord_7_00155,upi
pay_7_00156,setl_7_008,UTR700081554,payment,2648.49,52.97,9.53,2026-06-17,ord_7_00156,card
pay_7_00157,setl_7_008,UTR700081554,payment,2389.49,47.79,8.60,2026-06-17,ord_7_00157,card
pay_7_00158,setl_7_008,UTR700081554,payment,163676.00,3273.52,589.23,2026-06-17,ord_7_00158,card
pay_7_00159,setl_7_008,UTR700081554,payment,33899.49,677.99,122.04,2026-06-17,ord_7_00159,card
pay_7_00161,setl_7_008,UTR700081554,payment,1256.00,25.12,4.52,2026-06-17,ord_7_00161,card
pay_7_00162,setl_7_008,UTR700081554,payment,7000.00,140.00,25.20,2026-06-17,ord_7_00162,upi
pay_7_00163,setl_7_008,UTR700081554,payment,31.00,0.62,0.11,2026-06-17,ord_7_00163,netbanking
pay_7_00164,setl_7_008,UTR700081554,payment,155838.75,3116.78,561.02,2026-06-17,ord_7_00164,card
pay_7_00165,setl_7_008,UTR700081554,payment,7000.00,140.00,25.20,2026-06-17,ord_7_00165,upi
pay_7_00167,setl_7_008,UTR700081554,payment,253672.00,5073.44,913.22,2026-06-17,ord_7_00167,netbanking
pay_7_00168,setl_7_008,UTR700081554,payment,249.99,5.00,0.90,2026-06-17,ord_7_00168,card
pay_7_00169,setl_7_008,UTR700081554,payment,4360.99,87.22,15.70,2026-06-17,ord_7_00169,card
pay_7_00170,setl_7_008,UTR700081554,payment,4428.00,88.56,15.94,2026-06-17,ord_7_00170,card
rfnd_7_00171,setl_7_008,UTR700081554,refund,2214.00,0.00,0.00,2026-06-17,ord_7_00170,card
rfnd_7_00160,setl_7_009,,refund,8474.87,0.00,0.00,2026-06-19,ord_7_00159,card
pay_7_00172,setl_7_009,,payment,235.00,7.05,1.27,2026-06-19,ord_7_00172,intl_card
pay_7_00173,setl_7_009,,payment,124.99,2.50,0.45,2026-06-19,ord_7_00173,card
pay_7_00174,setl_7_009,,payment,99326.25,1986.52,357.57,2026-06-19,ord_7_00174,card
pay_7_00175,setl_7_009,,payment,5000.00,100.00,18.00,2026-06-19,ord_7_00175,upi
pay_7_00176,setl_7_009,,payment,3000.00,60.00,10.80,2026-06-19,ord_7_00176,upi
pay_7_00178,setl_7_009,,payment,3000.00,60.00,10.80,2026-06-19,ord_7_00178,upi
pay_7_00179,setl_7_009,,payment,65985.00,1319.70,237.55,2026-06-19,ord_7_00179,card
pay_7_00180,setl_7_009,,payment,538.50,10.77,1.94,2026-06-19,ord_7_00180,card
pay_7_00181,setl_7_009,,payment,292.00,5.84,1.05,2026-06-19,ord_7_00181,card
pay_7_00182,setl_7_009,,payment,3000.00,60.00,10.80,2026-06-19,ord_7_00182,upi
pay_7_00183,setl_7_009,,payment,21422.00,428.44,77.12,2026-06-19,ord_7_00183,card
pay_7_00184,setl_7_009,,payment,418565.49,8371.31,1506.84,2026-06-19,ord_7_00184,card
rfnd_7_00185,setl_7_009,,refund,104641.37,0.00,0.00,2026-06-19,ord_7_00184,card
pay_7_00186,setl_7_009,,payment,3023.49,60.47,10.88,2026-06-19,ord_7_00186,card
pay_7_00187,setl_7_009,,payment,4500.00,90.00,16.20,2026-06-19,ord_7_00187,upi
pay_7_00188,setl_7_009,,payment,30765.00,615.30,110.75,2026-06-19,ord_7_00188,card
rfnd_7_00177,setl_7_010,UTR700108783,refund,3000.00,0.00,0.00,2026-06-21,ord_7_00176,card
pay_7_00189,setl_7_010,UTR700108783,payment,17995.75,359.92,64.79,2026-06-21,ord_7_00189,card
pay_7_00190,setl_7_010,UTR700108783,payment,67.00,1.34,0.24,2026-06-21,ord_7_00190,card
pay_7_00191,setl_7_010,UTR700108783,payment,2000.00,40.00,7.20,2026-06-21,ord_7_00191,upi
pay_7_00192,setl_7_010,UTR700108783,payment,15365.00,307.30,55.31,2026-06-21,ord_7_00192,card
pay_7_00193,setl_7_010,UTR700108783,payment,2000.00,40.00,7.20,2026-06-21,ord_7_00193,upi
pay_7_00194,setl_7_010,UTR700108783,payment,1904.00,38.08,6.85,2026-06-21,ord_7_00194,card
rfnd_7_00195,setl_7_010,UTR700108783,refund,476.00,0.00,0.00,2026-06-21,ord_7_00194,card
pay_7_00196,setl_7_010,UTR700108783,payment,1000.00,20.00,3.60,2026-06-21,ord_7_00196,upi
pay_7_00197,setl_7_010,UTR700108783,payment,29607.50,592.15,106.59,2026-06-21,ord_7_00197,card
pay_7_00198,setl_7_010,UTR700108783,payment,2500.00,50.00,9.00,2026-06-21,ord_7_00198,upi
pay_7_00199,setl_7_010,UTR700108783,payment,8026.50,160.53,28.90,2026-06-21,ord_7_00199,card
pay_7_00200,setl_7_010,UTR700108783,payment,3095.75,61.92,11.15,2026-06-21,ord_7_00200,card
pay_7_00201,setl_7_010,UTR700108783,payment,27938.75,558.78,100.58,2026-06-21,ord_7_00201,card
pay_7_00202,setl_7_010,UTR700108783,payment,27938.75,558.78,100.58,2026-06-21,ord_7_00201,card
pay_7_00203,setl_7_010,UTR700108783,payment,7000.00,140.00,25.20,2026-06-21,ord_7_00203,upi
pay_7_00204,setl_7_010,UTR700108783,payment,138.75,2.78,0.50,2026-06-21,ord_7_00204,card
pay_7_00205,setl_7_010,UTR700108783,payment,393538.75,7870.78,1416.74,2026-06-21,ord_7_00205,netbanking
pay_7_00206,setl_7_010,UTR700108783,payment,210.75,4.22,0.76,2026-06-21,ord_7_00206,card
pay_7_00207,setl_7_010,UTR700108783,payment,8969.00,179.38,32.29,2026-06-21,ord_7_00207,card
pay_7_00208,setl_7_010,UTR700108783,payment,183577.75,3671.56,660.88,2026-06-21,ord_7_00208,card
pay_7_00209,setl_7_010,UTR700108783,payment,900.00,18.00,3.24,2026-06-21,ord_7_00209,upi
pay_7_00210,setl_7_010,UTR700108783,payment,66.25,1.32,0.24,2026-06-21,ord_7_00210,card
pay_7_00211,setl_7_010,UTR700108783,payment,66.25,1.32,0.24,2026-06-21,ord_7_00210,card
pay_7_00212,setl_7_011,,payment,43.00,1.29,0.23,2026-06-23,ord_7_00212,intl_card
pay_7_00213,setl_7_011,,payment,111465.00,2229.30,401.27,2026-06-23,ord_7_00213,netbanking
pay_7_00214,setl_7_011,,payment,71.99,1.44,0.26,2026-06-23,ord_7_00214,card
pay_7_00215,setl_7_011,,payment,900.00,18.00,3.24,2026-06-23,ord_7_00215,upi
pay_7_00216,setl_7_011,,payment,200.00,4.00,0.72,2026-06-23,ord_7_00216,upi
pay_7_00217,setl_7_011,,payment,700.00,14.00,2.52,2026-06-23,ord_7_00217,upi
pay_7_00218,setl_7_011,,payment,70752.00,2122.56,382.06,2026-06-23,ord_7_00218,intl_card
pay_7_00219,setl_7_011,,payment,77.50,1.55,0.28,2026-06-23,ord_7_00219,netbanking
pay_7_00220,setl_7_011,,payment,120.00,2.40,0.43,2026-06-23,ord_7_00220,card
pay_7_00221,setl_7_011,,payment,2500.00,50.00,9.00,2026-06-23,ord_7_00221,upi
pay_7_00222,setl_7_011,,payment,4414.99,88.30,15.89,2026-06-23,ord_7_00222,netbanking
pay_7_00223,setl_7_011,,payment,1035.25,31.06,5.59,2026-06-23,ord_7_00223,intl_card
pay_7_00224,setl_7_011,,payment,4500.00,90.00,16.20,2026-06-23,ord_7_00224,upi
pay_7_00225,setl_7_011,,payment,400.00,8.00,1.44,2026-06-23,ord_7_00225,upi
pay_7_00226,setl_7_011,,payment,170497.99,3409.96,613.79,2026-06-23,ord_7_00226,card
pay_7_00227,setl_7_011,,payment,214.00,4.28,0.77,2026-06-23,ord_7_00227,card
pay_7_00228,setl_7_011,,payment,3500.00,70.00,12.60,2026-06-23,ord_7_00228,upi
rfnd_7_00229,setl_7_011,,refund,875.00,0.00,0.00,2026-06-23,ord_7_00228,card
pay_7_00230,setl_7_011,,payment,8000.00,160.00,28.80,2026-06-23,ord_7_00230,upi
pay_7_00231,setl_7_011,,payment,138698.49,2773.97,499.31,2026-06-23,ord_7_00231,card
pay_7_00232,setl_7_011,,payment,300.00,6.00,1.08,2026-06-23,ord_7_00232,upi
rfnd_7_00233,setl_7_011,,refund,75.00,0.00,0.00,2026-06-23,ord_7_00232,card
pay_7_00234,setl_7_011,,payment,380.75,7.62,1.37,2026-06-23,ord_7_00234,card
pay_7_00235,setl_7_012,UTR700122999,payment,162586.49,3251.73,585.31,2026-06-25,ord_7_00235,card
pay_7_00236,setl_7_012,UTR700122999,payment,272550.50,5451.01,981.18,2026-06-25,ord_7_00236,card
pay_7_00237,setl_7_012,UTR700122999,payment,7000.00,140.00,25.20,2026-06-25,ord_7_00237,upi
pay_7_00238,setl_7_012,UTR700122999,payment,7000.00,140.00,25.20,2026-06-25,ord_7_00238,upi
pay_7_00239,setl_7_012,UTR700122999,payment,3500.00,70.00,12.60,2026-06-25,ord_7_00239,upi
pay_7_00240,setl_7_012,UTR700122999,payment,397.99,7.96,1.43,2026-06-25,ord_7_00240,card
rfnd_7_00241,setl_7_012,UTR700122999,refund,397.99,0.00,0.00,2026-06-25,ord_7_00240,card
pay_7_00242,setl_7_012,UTR700122999,payment,400.00,8.00,1.44,2026-06-25,ord_7_00242,upi
pay_7_00243,setl_7_012,UTR700122999,payment,2000.00,40.00,7.20,2026-06-25,ord_7_00243,upi
pay_7_00244,setl_7_012,UTR700122999,payment,2479.99,49.60,8.93,2026-06-25,ord_7_00244,card
pay_7_00245,setl_7_012,UTR700122999,payment,600.00,12.00,2.16,2026-06-25,ord_7_00245,upi
pay_7_00246,setl_7_012,UTR700122999,payment,313799.25,6275.98,1129.68,2026-06-25,ord_7_00246,card
pay_7_00247,setl_7_012,UTR700122999,payment,2000.00,40.00,7.20,2026-06-25,ord_7_00247,upi
pay_7_00248,setl_7_012,UTR700122999,payment,600.00,12.00,2.16,2026-06-25,ord_7_00248,upi
pay_7_00249,setl_7_012,UTR700122999,payment,41222.75,1236.68,222.60,2026-06-25,ord_7_00249,intl_card
rfnd_7_00250,setl_7_012,UTR700122999,refund,20611.38,0.00,0.00,2026-06-25,ord_7_00249,card
pay_7_00251,setl_7_013,UTR700132819,payment,3000.00,60.00,10.80,2026-06-27,ord_7_00251,upi
pay_7_00253,setl_7_013,UTR700132819,payment,2000.00,40.00,7.20,2026-06-27,ord_7_00253,upi
pay_7_00254,setl_7_013,UTR700132819,payment,700.00,14.00,2.52,2026-06-27,ord_7_00254,upi
pay_7_00255,setl_7_013,UTR700132819,payment,12434.50,248.69,44.76,2026-06-27,ord_7_00255,card
pay_7_00256,setl_7_013,UTR700132819,payment,500.00,10.00,1.80,2026-06-27,ord_7_00256,upi
pay_7_00257,setl_7_013,UTR700132819,payment,6000.00,120.00,21.60,2026-06-27,ord_7_00257,upi
pay_7_00258,setl_7_013,UTR700132819,payment,4377.00,87.54,15.76,2026-06-27,ord_7_00258,card
pay_7_00259,setl_7_013,UTR700132819,payment,4893.75,97.88,17.62,2026-06-27,ord_7_00259,card
pay_7_00260,setl_7_013,UTR700132819,payment,470520.99,9410.42,1693.88,2026-06-27,ord_7_00260,card
pay_7_00261,setl_7_013,UTR700132819,payment,470520.99,9410.42,1693.88,2026-06-27,ord_7_00260,card
pay_7_00262,setl_7_013,UTR700132819,payment,1430.00,28.60,5.15,2026-06-27,ord_7_00262,card
pay_7_00263,setl_7_013,UTR700132819,payment,5260.00,105.20,18.94,2026-06-27,ord_7_00263,card
rfnd_7_00264,setl_7_013,UTR700132819,refund,5260.00,0.00,0.00,2026-06-27,ord_7_00263,card
pay_7_00265,setl_7_013,UTR700132819,payment,3528.50,70.57,12.70,2026-06-27,ord_7_00265,card
pay_7_00266,setl_7_013,UTR700132819,payment,3528.50,70.57,12.70,2026-06-27,ord_7_00265,card
pay_7_00267,setl_7_013,UTR700132819,payment,3000.00,60.00,10.80,2026-06-27,ord_7_00267,upi
hold_7_00268,setl_7_013,UTR700132819,chargeback_hold,1500.00,0.00,0.00,2026-06-27,ord_7_00267,upi
pay_7_00269,setl_7_013,UTR700132819,payment,500.00,10.00,1.80,2026-06-27,ord_7_00269,upi
pay_7_00271,setl_7_013,UTR700132819,payment,10495.50,314.86,56.67,2026-06-27,ord_7_00271,intl_card
pay_7_00272,setl_7_013,UTR700132819,payment,30347.00,606.94,109.25,2026-06-27,ord_7_00272,card
pay_7_00273,setl_7_013,UTR700132819,payment,3500.00,70.00,12.60,2026-06-27,ord_7_00273,upi
pay_7_00274,setl_7_013,UTR700132819,payment,700.00,14.00,2.52,2026-06-27,ord_7_00274,upi
pay_7_00275,setl_7_013,UTR700132819,payment,4000.00,80.00,14.40,2026-06-27,ord_7_00275,upi
pay_7_00276,setl_7_013,UTR700132819,payment,8000.00,160.00,28.80,2026-06-27,ord_7_00276,upi
pay_7_00277,setl_7_013,UTR700132819,payment,2168.25,43.36,7.80,2026-06-27,ord_7_00277,card
rfnd_7_00278,setl_7_013,UTR700132819,refund,1084.12,0.00,0.00,2026-06-27,ord_7_00277,card
pay_7_00279,setl_7_014,UTR700143900,payment,6000.00,120.00,21.60,2026-06-29,ord_7_00279,upi
pay_7_00280,setl_7_014,UTR700143900,payment,8000.00,160.00,28.80,2026-06-29,ord_7_00280,upi
pay_7_00281,setl_7_014,UTR700143900,payment,19001.25,380.02,68.40,2026-06-29,ord_7_00281,netbanking
pay_7_00282,setl_7_014,UTR700143900,payment,5000.00,100.00,18.00,2026-06-29,ord_7_00282,upi
pay_7_00283,setl_7_014,UTR700143900,payment,4000.00,80.00,14.40,2026-06-29,ord_7_00283,upi
pay_7_00284,setl_7_014,UTR700143900,payment,500.00,10.00,1.80,2026-06-29,ord_7_00284,upi
pay_7_00286,setl_7_014,UTR700143900,payment,217732.99,4354.66,783.84,2026-06-29,ord_7_00286,netbanking
pay_7_00287,setl_7_014,UTR700143900,payment,6000.00,120.00,21.60,2026-06-29,ord_7_00287,upi
pay_7_00288,setl_7_014,UTR700143900,payment,222.99,4.46,0.80,2026-06-29,ord_7_00288,card
pay_7_00289,setl_7_014,UTR700143900,payment,5000.00,100.00,18.00,2026-06-29,ord_7_00289,upi
pay_7_00290,setl_7_014,UTR700143900,payment,113.99,2.28,0.41,2026-06-29,ord_7_00290,card
pay_7_00291,setl_7_014,UTR700143900,payment,4000.00,80.00,14.40,2026-06-29,ord_7_00291,upi
pay_7_00292,setl_7_014,UTR700143900,payment,19548.49,586.45,105.56,2026-06-29,ord_7_00292,intl_card
rfnd_7_00294,setl_7_014,UTR700143900,refund,9774.24,0.00,0.00,2026-06-29,ord_7_00292,card
rfnd_7_00285,setl_7_015,,refund,250.00,0.00,0.00,2026-07-01,ord_7_00284,card
pay_7_00295,setl_7_015,,payment,60.00,1.20,0.22,2026-07-01,ord_7_00295,card
pay_7_00296,setl_7_015,,payment,15873.50,317.47,57.14,2026-07-01,ord_7_00296,card
pay_7_00297,setl_7_015,,payment,500.00,10.00,1.80,2026-07-01,ord_7_00297,upi
pay_7_00298,setl_7_015,,payment,14828.75,296.58,53.38,2026-07-01,ord_7_00298,netbanking
pay_7_00299,setl_7_015,,payment,600.00,12.00,2.16,2026-07-01,ord_7_00299,upi
pay_7_00300,setl_7_015,,payment,13468.75,404.06,72.73,2026-07-01,ord_7_00300,intl_card
pay_7_00301,setl_7_015,,payment,500.00,10.00,1.80,2026-07-01,ord_7_00301,upi
pay_7_00302,setl_7_015,,payment,4500.00,90.00,16.20,2026-07-01,ord_7_00302,upi
rfnd_7_00303,setl_7_015,,refund,4500.00,0.00,0.00,2026-07-01,ord_7_00302,card
pay_7_00304,setl_7_015,,payment,500.00,10.00,1.80,2026-07-01,ord_7_00304,upi
pay_7_00305,setl_7_015,,payment,2637.49,52.75,9.50,2026-07-01,ord_7_00305,netbanking
rfnd_7_00306,setl_7_015,,refund,659.37,0.00,0.00,2026-07-01,ord_7_00305,card
pay_7_00307,setl_7_015,,payment,18069.49,361.39,65.05,2026-07-01,ord_7_00307,card
pay_7_00308,setl_7_015,,payment,8000.00,160.00,28.80,2026-07-01,ord_7_00308,upi
pay_7_00309,setl_7_015,,payment,500.00,10.00,1.80,2026-07-01,ord_7_00309,upi
pay_7_00310,setl_7_015,,payment,800.00,16.00,2.88,2026-07-01,ord_7_00310,upi
pay_7_00311,setl_7_015,,payment,65.50,1.31,0.24,2026-07-01,ord_7_00311,card
pay_7_00312,setl_7_015,,payment,13258.99,265.18,47.73,2026-07-01,ord_7_00312,card
pay_7_00313,setl_7_016,UTR700164491,payment,3000.00,60.00,10.80,2026-07-03,ord_7_00313,upi
pay_7_00314,setl_7_016,UTR700164491,payment,107077.75,2141.56,385.48,2026-07-03,ord_7_00314,card
pay_7_00315,setl_7_016,UTR700164491,payment,33447.00,668.94,120.41,2026-07-03,ord_7_00315,netbanking
pay_7_00316,setl_7_016,UTR700164491,payment,800.00,16.00,2.88,2026-07-03,ord_7_00316,upi
pay_7_00317,setl_7_016,UTR700164491,payment,181.49,5.44,0.98,2026-07-03,ord_7_00317,intl_card
pay_7_00318,setl_7_016,UTR700164491,payment,49183.25,1721.41,309.85,2026-07-03,ord_7_00318,intl_card
pay_7_00319,setl_7_016,UTR700164491,payment,61.49,1.23,0.22,2026-07-03,ord_7_00319,netbanking
pay_7_00320,setl_7_016,UTR700164491,payment,145506.49,2910.13,523.82,2026-07-03,ord_7_00320,card
pay_7_00321,setl_7_016,UTR700164491,payment,86213.99,1724.28,310.37,2026-07-03,ord_7_00321,card
hold_7_00322,setl_7_016,UTR700164491,chargeback_hold,43107.00,0.00,0.00,2026-07-03,ord_7_00321,card
pay_7_00323,setl_7_016,UTR700164491,payment,36.50,0.73,0.13,2026-07-03,ord_7_00323,netbanking
rfnd_7_00324,setl_7_016,UTR700164491,refund,18.25,0.00,0.00,2026-07-03,ord_7_00323,card
pay_7_00325,setl_7_016,UTR700164491,payment,7915.49,237.46,42.74,2026-07-03,ord_7_00325,intl_card
pay_7_00326,setl_7_016,UTR700164491,payment,500.00,10.00,1.80,2026-07-03,ord_7_00326,upi
pay_7_00327,setl_7_017,UTR700171990,payment,694.75,13.90,2.50,2026-07-05,ord_7_00327,card
rfnd_7_00328,setl_7_017,UTR700171990,refund,173.69,0.00,0.00,2026-07-05,ord_7_00327,card
pay_7_00329,setl_7_017,UTR700171990,payment,2280.49,45.61,8.21,2026-07-05,ord_7_00329,card
pay_7_00330,setl_7_017,UTR700171990,payment,5000.00,100.00,18.00,2026-07-05,ord_7_00330,upi
pay_7_00331,setl_7_017,UTR700171990,payment,24625.99,492.52,88.65,2026-07-05,ord_7_00331,netbanking
rfnd_7_00332,setl_7_017,UTR700171990,refund,24625.99,0.00,0.00,2026-07-05,ord_7_00331,card
pay_7_00333,setl_7_017,UTR700171990,payment,3500.00,70.00,12.60,2026-07-05,ord_7_00333,upi
pay_7_00334,setl_7_017,UTR700171990,payment,3000.00,60.00,10.80,2026-07-05,ord_7_00334,upi
pay_7_00335,setl_7_017,UTR700171990,payment,2000.00,40.00,7.20,2026-07-05,ord_7_00335,upi
pay_7_00336,setl_7_017,UTR700171990,payment,8000.00,160.00,28.80,2026-07-05,ord_7_00336,upi
pay_7_00337,setl_7_017,UTR700171990,payment,631.50,12.63,2.27,2026-07-05,ord_7_00337,card
pay_7_00338,setl_7_017,UTR700171990,payment,6000.00,120.00,21.60,2026-07-05,ord_7_00338,upi
pay_7_00339,setl_7_017,UTR700171990,payment,12276.75,245.54,44.20,2026-07-05,ord_7_00339,card
pay_7_00340,setl_7_017,UTR700171990,payment,448.49,8.97,1.61,2026-07-05,ord_7_00340,card
pay_7_00341,setl_7_017,UTR700171990,payment,300.00,6.00,1.08,2026-07-05,ord_7_00341,upi
pay_7_00342,setl_7_017,UTR700171990,payment,4000.00,80.00,14.40,2026-07-05,ord_7_00342,upi
pay_7_00343,setl_7_017,UTR700171990,payment,128001.00,2560.02,460.80,2026-07-05,ord_7_00343,card
pay_7_00345,setl_7_017,UTR700171990,payment,76402.50,1528.05,275.05,2026-07-05,ord_7_00345,card
pay_7_00346,setl_7_017,UTR700171990,payment,5000.00,100.00,18.00,2026-07-05,ord_7_00346,upi
pay_7_00347,setl_7_017,UTR700171990,payment,473101.00,14193.03,2554.75,2026-07-05,ord_7_00347,intl_card
rfnd_7_00344,setl_7_018,UTR700188422,refund,32000.25,0.00,0.00,2026-07-07,ord_7_00343,card
pay_7_00348,setl_7_018,UTR700188422,payment,600.00,12.00,2.16,2026-07-07,ord_7_00348,upi
pay_7_00349,setl_7_018,UTR700188422,payment,200.00,4.00,0.72,2026-07-07,ord_7_00349,upi
pay_7_00350,setl_7_018,UTR700188422,payment,72.25,1.44,0.26,2026-07-07,ord_7_00350,card
pay_7_00351,setl_7_018,UTR700188422,payment,9000.00,180.00,32.40,2026-07-07,ord_7_00351,upi
hold_7_00352,setl_7_018,UTR700188422,chargeback_hold,4500.00,0.00,0.00,2026-07-07,ord_7_00351,upi
pay_7_00353,setl_7_018,UTR700188422,payment,153574.00,4607.22,829.30,2026-07-07,ord_7_00353,intl_card
pay_7_00354,setl_7_018,UTR700188422,payment,153574.00,3071.48,552.87,2026-07-07,ord_7_00353,card
pay_7_00355,setl_7_018,UTR700188422,payment,6028.00,120.56,21.70,2026-07-07,ord_7_00355,card
pay_7_00356,setl_7_018,UTR700188422,payment,400.00,8.00,1.44,2026-07-07,ord_7_00356,upi
pay_7_00357,setl_7_018,UTR700188422,payment,2000.00,40.00,7.20,2026-07-07,ord_7_00357,upi
pay_7_00358,setl_7_018,UTR700188422,payment,3500.00,70.00,12.60,2026-07-07,ord_7_00358,upi
pay_7_00359,setl_7_018,UTR700188422,payment,31.49,0.63,0.11,2026-07-07,ord_7_00359,card
pay_7_00360,setl_7_018,UTR700188422,payment,69.49,1.39,0.25,2026-07-07,ord_7_00360,card
pay_7_00361,setl_7_018,UTR700188422,payment,8000.00,160.00,28.80,2026-07-07,ord_7_00361,upi
pay_7_00362,setl_7_018,UTR700188422,payment,4500.00,90.00,16.20,2026-07-07,ord_7_00362,upi
pay_7_00363,setl_7_018,UTR700188422,payment,8000.00,160.00,28.80,2026-07-07,ord_7_00363,upi
pay_7_00364,setl_7_018,UTR700188422,payment,1033.00,20.66,3.72,2026-07-07,ord_7_00364,card
pay_7_00365,setl_7_018,UTR700188422,payment,93425.99,1868.52,336.33,2026-07-07,ord_7_00365,netbanking
pay_7_00366,setl_7_018,UTR700188422,payment,9000.00,180.00,32.40,2026-07-07,ord_7_00366,upi
rfnd_7_00367,setl_7_018,UTR700188422,refund,2250.00,0.00,0.00,2026-07-07,ord_7_00366,card
pay_7_00368,setl_7_019,UTR700194893,payment,2000.00,40.00,7.20,2026-07-09,ord_7_00368,upi
pay_7_00369,setl_7_019,UTR700194893,payment,800.00,16.00,2.88,2026-07-09,ord_7_00369,upi
pay_7_00370,setl_7_019,UTR700194893,payment,59514.00,1190.28,214.25,2026-07-09,ord_7_00370,card
pay_7_00371,setl_7_019,UTR700194893,payment,4000.00,80.00,14.40,2026-07-09,ord_7_00371,upi
pay_7_00372,setl_7_019,UTR700194893,payment,7000.00,140.00,25.20,2026-07-09,ord_7_00372,upi
pay_7_00373,setl_7_019,UTR700194893,payment,265948.99,5318.98,957.42,2026-07-09,ord_7_00373,netbanking
pay_7_00374,setl_7_019,UTR700194893,payment,2500.00,50.00,9.00,2026-07-09,ord_7_00374,upi
pay_7_00375,setl_7_019,UTR700194893,payment,200.00,4.00,0.72,2026-07-09,ord_7_00375,upi
pay_7_00376,setl_7_019,UTR700194893,payment,7000.00,140.00,25.20,2026-07-09,ord_7_00376,upi
pay_7_00377,setl_7_019,UTR700194893,payment,420675.00,12620.25,2271.64,2026-07-09,ord_7_00377,intl_card
pay_7_00378,setl_7_019,UTR700194893,payment,4309.50,86.19,15.51,2026-07-09,ord_7_00378,card
pay_7_00379,setl_7_019,UTR700194893,payment,107.00,2.14,0.39,2026-07-09,ord_7_00379,card
pay_7_00380,setl_7_019,UTR700194893,payment,210.99,4.22,0.76,2026-07-09,ord_7_00380,card
pay_7_00381,setl_7_020,UTR700208448,payment,35466.00,709.32,127.68,2026-07-11,ord_7_00381,netbanking
rfnd_7_00382,setl_7_020,UTR700208448,refund,8866.50,0.00,0.00,2026-07-11,ord_7_00381,card
pay_7_00383,setl_7_020,UTR700208448,payment,34.99,0.70,0.13,2026-07-11,ord_7_00383,card
pay_7_00384,setl_7_020,UTR700208448,payment,103826.00,2076.52,373.77,2026-07-11,ord_7_00384,card
rfnd_7_00385,setl_7_020,UTR700208448,refund,103826.00,0.00,0.00,2026-07-11,ord_7_00384,card
pay_7_00386,setl_7_020,UTR700208448,payment,366.50,7.33,1.32,2026-07-11,ord_7_00386,card
pay_7_00387,setl_7_020,UTR700208448,payment,288.49,5.77,1.04,2026-07-11,ord_7_00387,card
pay_7_00388,setl_7_020,UTR700208448,payment,294522.99,8835.69,1590.42,2026-07-11,ord_7_00388,intl_card
pay_7_00389,setl_7_020,UTR700208448,payment,2000.00,40.00,7.20,2026-07-11,ord_7_00389,upi
pay_7_00390,setl_7_020,UTR700208448,payment,17667.49,353.35,63.60,2026-07-11,ord_7_00390,card
rfnd_7_00391,setl_7_020,UTR700208448,refund,8833.74,0.00,0.00,2026-07-11,ord_7_00390,card
pay_7_00392,setl_7_020,UTR700208448,payment,570.49,11.41,2.05,2026-07-11,ord_7_00392,card
pay_7_00393,setl_7_020,UTR700208448,payment,240254.00,4805.08,864.91,2026-07-11,ord_7_00393,card
pay_7_00394,setl_7_020,UTR700208448,payment,600.00,12.00,2.16,2026-07-11,ord_7_00394,upi
pay_7_00395,setl_7_020,UTR700208448,payment,89.00,1.78,0.32,2026-07-11,ord_7_00395,card
pay_7_00396,setl_7_020,UTR700208448,payment,2000.00,40.00,7.20,2026-07-11,ord_7_00396,upi
pay_7_00397,setl_7_020,UTR700208448,payment,500.00,10.00,1.80,2026-07-11,ord_7_00397,upi
pay_7_00398,setl_7_020,UTR700208448,payment,2500.00,50.00,9.00,2026-07-11,ord_7_00398,upi
pay_7_00399,setl_7_020,UTR700208448,payment,1000.00,20.00,3.60,2026-07-11,ord_7_00399,upi
pay_7_00400,setl_7_020,UTR700208448,payment,900.00,18.00,3.24,2026-07-11,ord_7_00400,upi
pay_7_00401,setl_7_020,UTR700208448,payment,61249.99,1225.00,220.50,2026-07-11,ord_7_00401,netbanking
pay_7_00402,setl_7_020,UTR700208448,payment,8000.00,160.00,28.80,2026-07-11,ord_7_00402,upi
pay_7_00404,setl_7_020,UTR700208448,payment,600.00,12.00,2.16,2026-07-11,ord_7_00404,upi
pay_7_00406,setl_7_020,UTR700208448,payment,4965.25,99.30,17.87,2026-07-11,ord_7_00406,netbanking
pay_7_00407,setl_7_020,UTR700208448,payment,73.99,2.22,0.40,2026-07-11,ord_7_00407,intl_card
rfnd_7_00403,setl_7_021,,refund,8000.00,0.00,0.00,2026-07-13,ord_7_00402,card
rfnd_7_00405,setl_7_021,,refund,300.00,0.00,0.00,2026-07-13,ord_7_00404,card
pay_7_00408,setl_7_021,,payment,91386.75,2741.60,493.49,2026-07-13,ord_7_00408,intl_card
rfnd_7_00409,setl_7_021,,refund,45693.38,0.00,0.00,2026-07-13,ord_7_00408,card
pay_7_00410,setl_7_021,,payment,8000.00,160.00,28.80,2026-07-13,ord_7_00410,upi
pay_7_00411,setl_7_021,,payment,61147.75,1222.96,220.13,2026-07-13,ord_7_00411,card
pay_7_00412,setl_7_021,,payment,66066.99,1321.34,237.84,2026-07-13,ord_7_00412,card
pay_7_00413,setl_7_021,,payment,66066.99,1321.34,237.84,2026-07-13,ord_7_00412,card
pay_7_00415,setl_7_021,,payment,1627.25,32.54,5.86,2026-07-13,ord_7_00415,card
pay_7_00416,setl_7_021,,payment,4000.00,80.00,14.40,2026-07-13,ord_7_00416,upi
pay_7_00417,setl_7_021,,payment,2000.00,40.00,7.20,2026-07-13,ord_7_00417,upi
pay_7_00418,setl_7_021,,payment,663.49,13.27,2.39,2026-07-13,ord_7_00418,card
pay_7_00420,setl_7_021,,payment,2490.75,49.82,8.97,2026-07-13,ord_7_00420,card
pay_7_00421,setl_7_021,,payment,111.75,2.24,0.40,2026-07-13,ord_7_00421,netbanking
pay_7_00422,setl_7_021,,payment,18554.99,371.10,66.80,2026-07-13,ord_7_00422,card
pay_7_00423,setl_7_021,,payment,35.75,0.72,0.13,2026-07-13,ord_7_00423,netbanking
pay_7_00424,setl_7_021,,payment,2596.25,64.91,11.68,2026-07-13,ord_7_00424,card
pay_7_00425,setl_7_021,,payment,42896.99,1286.91,231.64,2026-07-13,ord_7_00425,intl_card
pay_7_00426,setl_7_022,UTR700226902,payment,144.49,2.89,0.52,2026-07-15,ord_7_00426,card
rfnd_7_00427,setl_7_022,UTR700226902,refund,72.24,0.00,0.00,2026-07-15,ord_7_00426,card
pay_7_00428,setl_7_022,UTR700226902,payment,157.25,3.14,0.57,2026-07-15,ord_7_00428,netbanking
pay_7_00429,setl_7_022,UTR700226902,payment,3000.00,60.00,10.80,2026-07-15,ord_7_00429,upi
pay_7_00430,setl_7_022,UTR700226902,payment,89.49,1.79,0.32,2026-07-15,ord_7_00430,card
pay_7_00431,setl_7_022,UTR700226902,payment,2899.49,57.99,10.44,2026-07-15,ord_7_00431,netbanking
pay_7_00432,setl_7_022,UTR700226902,payment,200.00,4.00,0.72,2026-07-15,ord_7_00432,upi
pay_7_00433,setl_7_022,UTR700226902,payment,7000.00,140.00,25.20,2026-07-15,ord_7_00433,upi
pay_7_00434,setl_7_022,UTR700226902,payment,55899.50,1117.99,201.24,2026-07-15,ord_7_00434,netbanking
pay_7_00435,setl_7_022,UTR700226902,payment,30462.00,609.24,109.66,2026-07-15,ord_7_00435,card
pay_7_00437,setl_7_022,UTR700226902,payment,30.49,0.61,0.11,2026-07-15,ord_7_00437,card
pay_7_00438,setl_7_022,UTR700226902,payment,5000.00,100.00,18.00,2026-07-15,ord_7_00438,upi
pay_7_00439,setl_7_022,UTR700226902,payment,490.99,9.82,1.77,2026-07-15,ord_7_00439,card
pay_7_00440,setl_7_022,UTR700226902,payment,426.00,8.52,1.53,2026-07-15,ord_7_00440,netbanking
rfnd_7_00436,setl_7_023,UTR700239247,refund,15231.00,0.00,0.00,2026-07-17,ord_7_00435,card
rfnd_7_00441,setl_7_023,UTR700239247,refund,106.50,0.00,0.00,2026-07-17,ord_7_00440,card
pay_7_00442,setl_7_023,UTR700239247,payment,9312.49,186.25,33.52,2026-07-17,ord_7_00442,netbanking
pay_7_00443,setl_7_023,UTR700239247,payment,900.00,18.00,3.24,2026-07-17,ord_7_00443,upi
pay_7_00444,setl_7_023,UTR700239247,payment,3000.00,60.00,10.80,2026-07-17,ord_7_00444,upi
pay_7_00445,setl_7_023,UTR700239247,payment,19582.00,391.64,70.50,2026-07-17,ord_7_00445,netbanking
pay_7_00446,setl_7_023,UTR700239247,payment,2475.99,49.52,8.91,2026-07-17,ord_7_00446,netbanking
pay_7_00447,setl_7_023,UTR700239247,payment,5000.00,100.00,18.00,2026-07-17,ord_7_00447,upi
pay_7_00448,setl_7_023,UTR700239247,payment,62532.00,1250.64,225.12,2026-07-17,ord_7_00448,netbanking
pay_7_00450,setl_7_023,UTR700239247,payment,4000.00,80.00,14.40,2026-07-17,ord_7_00450,upi
pay_7_00451,setl_7_023,UTR700239247,payment,187282.75,3745.66,674.22,2026-07-17,ord_7_00451,card
pay_7_00452,setl_7_023,UTR700239247,payment,67.25,1.34,0.24,2026-07-17,ord_7_00452,card
pay_7_00453,setl_7_023,UTR700239247,payment,229.25,4.58,0.82,2026-07-17,ord_7_00453,card
pay_7_00454,setl_7_023,UTR700239247,payment,34757.00,695.14,125.13,2026-07-17,ord_7_00454,netbanking
pay_7_00455,setl_7_023,UTR700239247,payment,34757.00,695.14,125.13,2026-07-17,ord_7_00454,card
pay_7_00456,setl_7_023,UTR700239247,payment,32.75,0.98,0.18,2026-07-17,ord_7_00456,intl_card
pay_7_00457,setl_7_023,UTR700239247,payment,805.49,16.11,2.90,2026-07-17,ord_7_00457,netbanking
pay_7_00458,setl_7_023,UTR700239247,payment,82.49,1.65,0.30,2026-07-17,ord_7_00458,netbanking
pay_7_00459,setl_7_024,UTR700244928,payment,8000.00,160.00,28.80,2026-07-19,ord_7_00459,upi
pay_7_00461,setl_7_024,UTR700244928,payment,14234.99,284.70,51.25,2026-07-19,ord_7_00461,card
hold_7_00462,setl_7_024,UTR700244928,chargeback_hold,7117.50,0.00,0.00,2026-07-19,ord_7_00461,card
pay_7_00463,setl_7_024,UTR700244928,payment,282221.00,5644.42,1016.00,2026-07-19,ord_7_00463,card
pay_7_00464,setl_7_024,UTR700244928,payment,3153.00,63.06,11.35,2026-07-19,ord_7_00464,card
pay_7_00465,setl_7_024,UTR700244928,payment,4260.50,97.99,17.64,2026-07-19,ord_7_00465,netbanking
pay_7_00466,setl_7_024,UTR700244928,payment,71205.00,1424.10,256.34,2026-07-19,ord_7_00466,card
pay_7_00467,setl_7_024,UTR700244928,payment,185.49,3.71,0.67,2026-07-19,ord_7_00467,netbanking
rfnd_7_00468,setl_7_024,UTR700244928,refund,185.49,0.00,0.00,2026-07-19,ord_7_00467,card
pay_7_00469,setl_7_024,UTR700244928,payment,500.00,10.00,1.80,2026-07-19,ord_7_00469,upi
pay_7_00470,setl_7_024,UTR700244928,payment,300.00,6.00,1.08,2026-07-19,ord_7_00470,upi
pay_7_00471,setl_7_024,UTR700244928,payment,300.00,6.00,1.08,2026-07-19,ord_7_00471,upi
pay_7_00472,setl_7_024,UTR700244928,payment,152928.00,3058.56,550.54,2026-07-19,ord_7_00472,card
rfnd_7_00473,setl_7_024,UTR700244928,refund,76464.00,0.00,0.00,2026-07-19,ord_7_00472,card
pay_7_00474,setl_7_024,UTR700244928,payment,2222.99,44.46,8.00,2026-07-19,ord_7_00474,card
pay_7_00475,setl_7_024,UTR700244928,payment,5000.00,100.00,18.00,2026-07-19,ord_7_00475,upi
pay_7_00476,setl_7_024,UTR700244928,payment,1000.00,20.00,3.60,2026-07-19,ord_7_00476,upi
pay_7_00477,setl_7_024,UTR700244928,payment,50.99,1.02,0.18,2026-07-19,ord_7_00477,card
rfnd_7_00478,setl_7_024,UTR700244928,refund,50.99,0.00,0.00,2026-07-19,ord_7_00477,card
pay_7_00479,setl_7_024,UTR700244928,payment,46229.00,924.58,166.42,2026-07-19,ord_7_00479,card
pay_7_00480,setl_7_024,UTR700244928,payment,301826.25,6036.52,1086.57,2026-07-19,ord_7_00480,card
pay_7_00481,setl_7_024,UTR700244928,payment,301826.25,6036.52,1086.57,2026-07-19,ord_7_00480,card
pay_7_00482,setl_7_024,UTR700244928,payment,353429.99,7068.60,1272.35,2026-07-19,ord_7_00482,card
pay_7_00483,setl_7_024,UTR700244928,payment,4000.00,80.00,14.40,2026-07-19,ord_7_00483,upi
