order_id,txn_id,gross_amount,created_at,status
ord_99_00001,pay_99_00001,10071.00,2026-05-30,captured
ord_99_00003,pay_99_00003,7158.99,2026-05-30,captured
ord_99_00004,pay_99_00004,11072.00,2026-05-30,captured
ord_99_00005,pay_99_00005,4663.49,2026-05-30,captured
ord_99_00006,pay_99_00006,1090.25,2026-05-30,captured
ord_99_00007,pay_99_00007,8494.99,2026-05-30,captured
ord_99_00008,pay_99_00008,2591.25,2026-05-30,captured
ord_99_00009,pay_99_00009,7507.25,2026-05-30,captured
ord_99_00010,pay_99_00010,10074.75,2026-05-30,captured
ord_99_00011,pay_99_00011,2634.00,2026-05-30,captured
ord_99_00012,pay_99_00012,11363.00,2026-05-30,captured
ord_99_00013,pay_99_00013,5352.75,2026-06-01,captured
ord_99_00014,pay_99_00014,11297.99,2026-06-01,captured
ord_99_00015,pay_99_00015,8493.25,2026-06-01,captured
ord_99_00016,pay_99_00016,6956.99,2026-06-01,captured
ord_99_00018,pay_99_00018,11191.00,2026-06-01,captured
ord_99_00019,pay_99_00019,11007.50,2026-06-01,captured
ord_99_00020,pay_99_00020,8624.75,2026-06-01,captured
ord_99_00021,pay_99_00021,10599.75,2026-06-01,captured
ord_99_00023,pay_99_00023,1205.50,2026-06-01,captured
ord_99_00025,pay_99_00025,3072.25,2026-06-01,captured
ord_99_00026,pay_99_00026,8100.49,2026-06-03,captured
ord_99_00027,pay_99_00027,502.00,2026-06-03,captured
ord_99_00028,pay_99_00028,9800.25,2026-06-03,captured
ord_99_00029,pay_99_00029,5036.00,2026-06-03,captured
ord_99_00030,pay_99_00030,11011.25,2026-06-03,captured
ord_99_00031,pay_99_00031,11356.00,2026-06-03,captured
ord_99_00032,pay_99_00032,11996.00,2026-06-03,captured
ord_99_00033,pay_99_00033,3330.25,2026-06-03,captured
ord_99_00034,pay_99_00034,6424.99,2026-06-03,captured
ord_99_00035,pay_99_00035,4106.49,2026-06-03,captured
ord_99_00036,pay_99_00036,7523.25,2026-06-03,captured
ord_99_00039,pay_99_00039,5095.25,2026-06-03,captured
ord_99_00040,pay_99_00040,5606.75,2026-06-03,captured
ord_99_00042,pay_99_00042,7116.49,2026-06-03,captured
ord_99_00043,pay_99_00043,9542.00,2026-06-03,captured
ord_99_00045,pay_99_00045,1462.00,2026-06-03,captured
ord_99_00046,pay_99_00046,9636.50,2026-06-03,captured
ord_99_00047,pay_99_00047,4320.00,2026-06-03,captured
ord_99_00048,pay_99_00048,4095.00,2026-06-03,captured
ord_99_00049,pay_99_00049,5725.50,2026-06-03,captured
ord_99_00051,pay_99_00051,11257.25,2026-06-03,captured
ord_99_00052,pay_99_00052,6129.25,2026-06-05,captured
ord_99_00053,pay_99_00053,4442.75,2026-06-05,captured
ord_99_00054,pay_99_00054,8395.50,2026-06-05,captured
ord_99_00056,pay_99_00056,794.00,2026-06-05,captured
ord_99_00057,pay_99_00057,8802.00,2026-06-05,captured
ord_99_00059,pay_99_00059,11783.50,2026-06-05,captured
ord_99_00060,pay_99_00060,1984.25,2026-06-05,captured
ord_99_00061,pay_99_00061,11661.00,2026-06-05,captured
ord_99_00062,pay_99_00062,4950.00,2026-06-07,captured
ord_99_00063,pay_99_00063,7108.50,2026-06-07,captured
ord_99_00064,pay_99_00064,2275.00,2026-06-07,captured
ord_99_00065,pay_99_00065,8468.25,2026-06-07,captured
ord_99_00066,pay_99_00066,8482.00,2026-06-07,captured
ord_99_00067,pay_99_00067,6796.49,2026-06-07,captured
ord_99_00070,pay_99_00070,2126.00,2026-06-07,captured
ord_99_00072,pay_99_00072,3821.25,2026-06-07,captured
ord_99_00073,pay_99_00073,2391.00,2026-06-07,captured
ord_99_00074,pay_99_00074,8820.49,2026-06-07,captured
ord_99_00075,pay_99_00075,5275.00,2026-06-07,captured
ord_99_00076,pay_99_00076,5048.75,2026-06-07,captured
ord_99_00078,pay_99_00078,10665.00,2026-06-07,captured
ord_99_00079,pay_99_00079,6432.25,2026-06-07,captured
ord_99_00081,pay_99_00081,2374.25,2026-06-09,captured
ord_99_00082,pay_99_00082,6988.49,2026-06-09,captured
ord_99_00083,pay_99_00083,3993.50,2026-06-09,captured
ord_99_00084,pay_99_00084,1395.25,2026-06-09,captured
ord_99_00086,pay_99_00086,505.50,2026-06-09,captured
ord_99_00088,pay_99_00088,2800.99,2026-06-09,captured
ord_99_00089,pay_99_00089,784.25,2026-06-09,captured
ord_99_00090,pay_99_00090,4906.49,2026-06-09,captured
ord_99_00091,pay_99_00091,3541.99,2026-06-09,captured
ord_99_00092,pay_99_00092,4514.49,2026-06-09,captured
ord_99_00093,pay_99_00093,11917.75,2026-06-09,captured
ord_99_00094,pay_99_00094,6386.75,2026-06-09,captured
ord_99_00095,pay_99_00095,3155.25,2026-06-09,captured
ord_99_00096,pay_99_00096,3723.49,2026-06-09,captured
ord_99_00097,pay_99_00097,1304.00,2026-06-09,captured
ord_99_00098,pay_99_00098,4019.25,2026-06-09,captured
ord_99_00099,pay_99_00099,5808.49,2026-06-09,captured
ord_99_00100,pay_99_00100,3012.49,2026-06-09,captured
ord_99_00102,pay_99_00102,2320.75,2026-06-11,captured
ord_99_00104,pay_99_00104,2442.00,2026-06-11,captured
ord_99_00106,pay_99_00106,3635.00,2026-06-11,captured
ord_99_00107,pay_99_00107,5038.00,2026-06-11,captured
ord_99_00108,pay_99_00108,6802.75,2026-06-11,captured
ord_99_00109,pay_99_00109,10810.50,2026-06-11,captured
ord_99_00111,pay_99_00111,6362.99,2026-06-11,captured
ord_99_00112,pay_99_00112,9073.00,2026-06-13,captured
ord_99_00113,pay_99_00113,3868.75,2026-06-13,captured
ord_99_00115,pay_99_00115,6427.25,2026-06-13,captured
ord_99_00116,pay_99_00116,2793.00,2026-06-13,captured
ord_99_00117,pay_99_00117,4167.00,2026-06-13,captured
ord_99_00118,pay_99_00118,11486.00,2026-06-13,captured
ord_99_00119,pay_99_00119,7264.75,2026-06-13,captured
ord_99_00120,pay_99_00120,8746.00,2026-06-13,captured
ord_99_00121,pay_99_00121,3112.00,2026-06-13,captured
ord_99_00123,pay_99_00123,1685.00,2026-06-13,captured
ord_99_00125,pay_99_00125,4659.75,2026-06-13,captured
ord_99_00126,pay_99_00126,8648.50,2026-06-13,captured
ord_99_00127,pay_99_00127,11254.00,2026-06-13,captured
ord_99_00128,pay_99_00128,3713.00,2026-06-13,captured
ord_99_00129,pay_99_00129,1518.49,2026-06-13,captured
ord_99_00130,pay_99_00130,11341.49,2026-06-13,captured
ord_99_00131,pay_99_00131,7863.49,2026-06-13,captured
ord_99_00132,pay_99_00132,1369.75,2026-06-13,captured
ord_99_00133,pay_99_00133,11055.25,2026-06-13,captured
ord_99_00134,pay_99_00134,8591.99,2026-06-13,captured
ord_99_00135,pay_99_00135,5875.25,2026-06-13,captured
ord_99_00136,pay_99_00136,11689.49,2026-06-13,captured
ord_99_00137,pay_99_00137,9042.25,2026-06-15,captured
ord_99_00138,pay_99_00138,647.75,2026-06-15,captured
ord_99_00139,pay_99_00139,9821.49,2026-06-15,captured
ord_99_00140,pay_99_00140,5555.00,2026-06-15,captured
ord_99_00141,pay_99_00141,3669.75,2026-06-15,captured
ord_99_00142,pay_99_00142,1185.00,2026-06-15,captured
ord_99_00143,pay_99_00143,5136.75,2026-06-15,captured
ord_99_00144,pay_99_00144,1381.50,2026-06-15,captured
ord_99_00145,pay_99_00145,10147.25,2026-06-15,captured
ord_99_00146,pay_99_00146,6468.25,2026-06-15,captured
ord_99_00147,pay_99_00147,8957.00,2026-06-15,captured
ord_99_00148,pay_99_00148,3936.00,2026-06-15,captured
ord_99_00149,pay_99_00149,10868.50,2026-06-15,captured
ord_99_00150,pay_99_00150,9832.75,2026-06-15,captured
ord_99_00151,pay_99_00151,415.25,2026-06-15,captured
ord_99_00152,pay_99_00152,11324.99,2026-06-15,captured
ord_99_00153,pay_99_00153,5451.49,2026-06-15,captured
ord_99_00154,pay_99_00154,10633.50,2026-06-15,captured
ord_99_00156,pay_99_00156,10085.99,2026-06-17,captured
ord_99_00157,pay_99_00157,2484.99,2026-06-17,captured
ord_99_00158,pay_99_00158,1827.49,2026-06-17,captured
ord_99_00159,pay_99_00159,430.00,2026-06-17,captured
ord_99_00160,pay_99_00160,6331.75,2026-06-17,captured
ord_99_00162,pay_99_00162,6819.00,2026-06-17,captured
ord_99_00163,pay_99_00163,8965.00,2026-06-17,captured
ord_99_00164,pay_99_00164,2477.75,2026-06-17,captured
ord_99_00165,pay_99_00165,9902.75,2026-06-17,captured
ord_99_00166,pay_99_00166,10561.00,2026-06-17,captured
ord_99_00167,pay_99_00167,9912.99,2026-06-17,captured
ord_99_00168,pay_99_00168,2260.00,2026-06-17,captured
ord_99_00169,pay_99_00169,9773.00,2026-06-17,captured
ord_99_00170,pay_99_00170,3068.00,2026-06-17,captured
ord_99_00171,pay_99_00171,3405.49,2026-06-17,captured
ord_99_00172,pay_99_00172,5764.00,2026-06-17,captured
ord_99_00173,pay_99_00173,9104.49,2026-06-17,captured
ord_99_00174,pay_99_00174,6843.00,2026-06-17,captured
ord_99_00175,pay_99_00175,8770.00,2026-06-17,captured
ord_99_00176,pay_99_00176,4965.00,2026-06-19,captured
ord_99_00177,pay_99_00177,6818.00,2026-06-19,captured
ord_99_00178,pay_99_00178,10193.00,2026-06-19,captured
ord_99_00179,pay_99_00179,5686.49,2026-06-19,captured
ord_99_00180,pay_99_00180,343.00,2026-06-19,captured
ord_99_00181,pay_99_00181,672.25,2026-06-19,captured
ord_99_00182,pay_99_00182,10495.00,2026-06-19,captured
ord_99_00183,pay_99_00183,8427.75,2026-06-19,captured
ord_99_00185,pay_99_00185,6522.25,2026-06-19,captured
ord_99_00186,pay_99_00186,11070.00,2026-06-19,captured
ord_99_00187,pay_99_00187,11033.50,2026-06-21,captured
ord_99_00188,pay_99_00188,8185.00,2026-06-21,captured
ord_99_00189,pay_99_00189,11585.00,2026-06-21,captured
ord_99_00193,pay_99_00193,3007.99,2026-06-21,captured
ord_99_00194,pay_99_00194,694.00,2026-06-21,captured
ord_99_00195,pay_99_00195,11670.00,2026-06-21,captured
ord_99_00196,pay_99_00196,3090.75,2026-06-21,captured
ord_99_00199,pay_99_00199,3071.49,2026-06-21,captured
ord_99_00200,pay_99_00200,4243.25,2026-06-21,captured
ord_99_00201,pay_99_00201,8567.50,2026-06-21,captured
ord_99_00202,pay_99_00202,8564.25,2026-06-21,captured
ord_99_00203,pay_99_00203,7081.75,2026-06-23,captured
ord_99_00204,pay_99_00204,11301.75,2026-06-23,captured
ord_99_00205,pay_99_00205,9263.75,2026-06-23,captured
ord_99_00206,pay_99_00206,2614.00,2026-06-23,captured
ord_99_00207,pay_99_00207,6088.50,2026-06-23,captured
ord_99_00209,pay_99_00209,7067.75,2026-06-23,captured
ord_99_00210,pay_99_00210,10061.00,2026-06-23,captured
ord_99_00211,pay_99_00211,2770.49,2026-06-23,captured
ord_99_00212,pay_99_00212,9604.00,2026-06-23,captured
ord_99_00213,pay_99_00213,7562.75,2026-06-23,captured
ord_99_00214,pay_99_00214,6564.75,2026-06-23,captured
ord_99_00215,pay_99_00215,5204.75,2026-06-23,captured
ord_99_00217,pay_99_00217,10403.50,2026-06-23,captured
ord_99_00218,pay_99_00218,7419.75,2026-06-23,captured
ord_99_00219,pay_99_00219,9540.25,2026-06-23,captured
ord_99_00221,pay_99_00221,4647.49,2026-06-23,captured
ord_99_00223,pay_99_00223,11097.00,2026-06-23,captured
ord_99_00225,pay_99_00225,11887.75,2026-06-25,captured
ord_99_00226,pay_99_00226,759.00,2026-06-25,captured
ord_99_00227,pay_99_00227,11220.00,2026-06-25,captured
ord_99_00229,pay_99_00229,8216.00,2026-06-25,captured
ord_99_00230,pay_99_00230,3139.99,2026-06-25,captured
ord_99_00231,pay_99_00231,10751.00,2026-06-25,captured
ord_99_00232,pay_99_00232,3337.00,2026-06-25,captured
ord_99_00233,pay_99_00233,6261.75,2026-06-25,captured
ord_99_00235,pay_99_00235,11319.25,2026-06-25,captured
ord_99_00236,pay_99_00236,8523.75,2026-06-25,captured
ord_99_00237,pay_99_00237,2320.50,2026-06-27,captured
ord_99_00238,pay_99_00238,4455.75,2026-06-27,captured
ord_99_00239,pay_99_00239,6469.49,2026-06-27,captured
ord_99_00240,pay_99_00240,10133.00,2026-06-27,captured
ord_99_00241,pay_99_00241,10543.50,2026-06-27,captured
ord_99_00242,pay_99_00242,5948.00,2026-06-27,captured
ord_99_00243,pay_99_00243,5935.25,2026-06-27,captured
ord_99_00244,pay_99_00244,5441.25,2026-06-27,captured
ord_99_00245,pay_99_00245,1661.00,2026-06-29,captured
ord_99_00246,pay_99_00246,11819.75,2026-06-29,captured
ord_99_00248,pay_99_00248,9553.75,2026-06-29,captured
ord_99_00249,pay_99_00249,3061.25,2026-06-29,captured
ord_99_00250,pay_99_00250,6841.75,2026-06-29,captured
ord_99_00251,pay_99_00251,11522.75,2026-06-29,captured
ord_99_00252,pay_99_00252,2155.49,2026-06-29,captured
ord_99_00253,pay_99_00253,5625.50,2026-06-29,captured
ord_99_00254,pay_99_00254,1682.99,2026-06-29,captured
ord_99_00255,pay_99_00255,5057.49,2026-06-29,captured
ord_99_00256,pay_99_00256,1022.75,2026-06-29,captured
ord_99_00257,pay_99_00257,1364.00,2026-06-29,captured
ord_99_00258,pay_99_00258,5710.50,2026-06-29,captured
ord_99_00259,pay_99_00259,11487.50,2026-06-29,captured
ord_99_00260,pay_99_00260,9490.49,2026-07-01,captured
ord_99_00261,pay_99_00261,1728.75,2026-07-01,captured
ord_99_00262,pay_99_00262,10201.49,2026-07-01,captured
ord_99_00263,pay_99_00263,3550.50,2026-07-01,captured
ord_99_00264,pay_99_00264,3222.75,2026-07-01,captured
ord_99_00266,pay_99_00266,1818.99,2026-07-01,captured
ord_99_00268,pay_99_00268,5121.99,2026-07-01,captured
ord_99_00269,pay_99_00269,11100.75,2026-07-01,captured
ord_99_00270,pay_99_00270,5350.00,2026-07-01,captured
ord_99_00272,pay_99_00272,363.25,2026-07-03,captured
ord_99_00273,pay_99_00273,11251.75,2026-07-03,captured
ord_99_00274,pay_99_00274,1171.99,2026-07-03,captured
ord_99_00275,pay_99_00275,6723.49,2026-07-03,captured
ord_99_00276,pay_99_00276,11614.49,2026-07-03,captured
ord_99_00277,pay_99_00277,4741.99,2026-07-03,captured
ord_99_00279,pay_99_00279,9939.75,2026-07-03,captured
ord_99_00280,pay_99_00280,11056.00,2026-07-03,captured
ord_99_00281,pay_99_00281,2860.50,2026-07-03,captured
ord_99_00282,pay_99_00282,3757.00,2026-07-03,captured
ord_99_00283,pay_99_00283,7402.50,2026-07-03,captured
ord_99_00284,pay_99_00284,1288.00,2026-07-03,captured
ord_99_00286,pay_99_00286,5715.00,2026-07-03,captured
ord_99_00287,pay_99_00287,631.25,2026-07-03,captured
ord_99_00288,pay_99_00288,4891.00,2026-07-03,captured
ord_99_00289,pay_99_00289,6376.00,2026-07-03,captured
ord_99_00291,pay_99_00291,2866.00,2026-07-03,captured
ord_99_00292,pay_99_00292,540.50,2026-07-03,captured
ord_99_00294,pay_99_00294,10853.75,2026-07-03,captured
ord_99_00295,pay_99_00295,8754.75,2026-07-03,captured
ord_99_00296,pay_99_00296,11932.50,2026-07-05,captured
ord_99_00297,pay_99_00297,3984.75,2026-07-05,captured
ord_99_00298,pay_99_00298,5319.25,2026-07-05,captured
ord_99_00299,pay_99_00299,6786.50,2026-07-05,captured
ord_99_00300,pay_99_00300,6616.49,2026-07-05,captured
ord_99_00301,pay_99_00301,2234.00,2026-07-05,captured
ord_99_00302,pay_99_00302,7788.25,2026-07-05,captured
ord_99_00304,pay_99_00304,10090.49,2026-07-05,captured
ord_99_00305,pay_99_00305,7166.00,2026-07-07,captured
ord_99_00307,pay_99_00307,2805.49,2026-07-07,captured
ord_99_00309,pay_99_00309,1694.00,2026-07-07,captured
ord_99_00310,pay_99_00310,2770.49,2026-07-07,captured
ord_99_00311,pay_99_00311,4988.49,2026-07-07,captured
ord_99_00313,pay_99_00313,9812.99,2026-07-07,captured
ord_99_00314,pay_99_00314,2821.00,2026-07-07,captured
ord_99_00315,pay_99_00315,10323.49,2026-07-07,captured
ord_99_00316,pay_99_00316,4715.50,2026-07-07,captured
ord_99_00317,pay_99_00317,5172.00,2026-07-07,captured
ord_99_00318,pay_99_00318,5855.00,2026-07-07,captured
ord_99_00319,pay_99_00319,3493.75,2026-07-07,captured
ord_99_00321,pay_99_00321,8553.49,2026-07-07,captured
ord_99_00323,pay_99_00323,6049.49,2026-07-07,captured
ord_99_00324,pay_99_00324,10866.99,2026-07-07,captured
ord_99_00326,pay_99_00326,9891.00,2026-07-07,captured
ord_99_00327,pay_99_00327,6088.49,2026-07-07,captured
ord_99_00328,pay_99_00328,8886.25,2026-07-07,captured
ord_99_00329,pay_99_00329,7435.50,2026-07-07,captured
ord_99_00330,pay_99_00330,9581.49,2026-07-07,captured
ord_99_00331,pay_99_00331,6978.99,2026-07-07,captured
ord_99_00332,pay_99_00332,10982.25,2026-07-09,captured
ord_99_00334,pay_99_00334,7339.50,2026-07-09,captured
ord_99_00335,pay_99_00335,600.50,2026-07-09,captured
ord_99_00336,pay_99_00336,5672.49,2026-07-09,captured
ord_99_00337,pay_99_00337,9570.25,2026-07-09,captured
ord_99_00338,pay_99_00338,4420.49,2026-07-09,captured
ord_99_00340,pay_99_00340,11663.25,2026-07-09,captured
ord_99_00342,pay_99_00342,3762.25,2026-07-09,captured
ord_99_00343,pay_99_00343,6964.00,2026-07-09,captured
ord_99_00344,pay_99_00344,2791.49,2026-07-09,captured
ord_99_00345,pay_99_00345,3236.99,2026-07-09,captured
ord_99_00346,pay_99_00346,4194.99,2026-07-09,captured
ord_99_00348,pay_99_00348,3051.99,2026-07-09,captured
ord_99_00349,pay_99_00349,10011.99,2026-07-09,captured
ord_99_00350,pay_99_00350,10628.75,2026-07-09,captured
ord_99_00351,pay_99_00351,3981.00,2026-07-09,captured
ord_99_00352,pay_99_00352,7736.49,2026-07-09,captured
ord_99_00354,pay_99_00354,6596.00,2026-07-09,captured
ord_99_00356,pay_99_00356,3071.25,2026-07-09,captured
ord_99_00357,pay_99_00357,11797.25,2026-07-09,captured
ord_99_00358,pay_99_00358,4357.25,2026-07-11,captured
ord_99_00359,pay_99_00359,7313.25,2026-07-11,captured
ord_99_00360,pay_99_00360,8805.50,2026-07-11,captured
ord_99_00361,pay_99_00361,580.49,2026-07-11,captured
ord_99_00362,pay_99_00362,8698.75,2026-07-11,captured
ord_99_00363,pay_99_00363,2173.50,2026-07-11,captured
ord_99_00364,pay_99_00364,7740.00,2026-07-11,captured
ord_99_00366,pay_99_00366,7236.00,2026-07-11,captured
ord_99_00367,pay_99_00367,8895.75,2026-07-11,captured
ord_99_00368,pay_99_00368,3026.75,2026-07-11,captured
ord_99_00369,pay_99_00369,5686.50,2026-07-11,captured
ord_99_00370,pay_99_00370,6605.49,2026-07-11,captured
ord_99_00371,pay_99_00371,3927.49,2026-07-11,captured
ord_99_00372,pay_99_00372,6223.25,2026-07-11,captured
ord_99_00373,pay_99_00373,1233.99,2026-07-11,captured
ord_99_00374,pay_99_00374,7833.50,2026-07-13,captured
ord_99_00375,pay_99_00375,9240.25,2026-07-13,captured
ord_99_00376,pay_99_00376,3280.49,2026-07-13,captured
ord_99_00377,pay_99_00377,2745.49,2026-07-13,captured
ord_99_00378,pay_99_00378,4546.99,2026-07-13,captured
ord_99_00379,pay_99_00379,8776.00,2026-07-13,captured
ord_99_00380,pay_99_00380,11861.25,2026-07-13,captured
ord_99_00381,pay_99_00381,11681.49,2026-07-13,captured
ord_99_00383,pay_99_00383,9165.00,2026-07-13,captured
ord_99_00385,pay_99_00385,1863.00,2026-07-13,captured
ord_99_00386,pay_99_00386,11941.00,2026-07-15,captured
ord_99_00387,pay_99_00387,7981.25,2026-07-15,captured
ord_99_00389,pay_99_00389,10818.75,2026-07-15,captured
ord_99_00390,pay_99_00390,9090.00,2026-07-15,captured
ord_99_00392,pay_99_00392,8422.99,2026-07-15,captured
ord_99_00393,pay_99_00393,11551.00,2026-07-15,captured
ord_99_00394,pay_99_00394,4284.99,2026-07-15,captured
ord_99_00396,pay_99_00396,2206.00,2026-07-15,captured
ord_99_00397,pay_99_00397,2810.49,2026-07-15,captured
ord_99_00398,pay_99_00398,6660.49,2026-07-15,captured
ord_99_00399,pay_99_00399,2325.00,2026-07-15,captured
ord_99_00400,pay_99_00400,10046.00,2026-07-15,captured
ord_99_00401,pay_99_00401,3611.49,2026-07-15,captured
ord_99_00403,pay_99_00403,5014.99,2026-07-15,captured
ord_99_00404,pay_99_00404,4319.49,2026-07-15,captured
ord_99_00405,pay_99_00405,10785.75,2026-07-15,captured
ord_99_00407,pay_99_00407,2862.50,2026-07-15,captured
ord_99_00408,pay_99_00408,10287.00,2026-07-15,captured
ord_99_00409,pay_99_00409,3240.49,2026-07-15,captured
ord_99_00410,pay_99_00410,4417.99,2026-07-15,captured
ord_99_00411,pay_99_00411,3134.25,2026-07-15,captured
ord_99_00413,pay_99_00413,11308.00,2026-07-15,captured
ord_99_00414,pay_99_00414,4218.00,2026-07-15,captured
ord_99_00415,pay_99_00415,8770.75,2026-07-17,captured
ord_99_00416,pay_99_00416,7609.50,2026-07-17,captured
ord_99_00417,pay_99_00417,5478.99,2026-07-17,captured
ord_99_00418,pay_99_00418,10305.49,2026-07-17,captured
ord_99_00420,pay_99_00420,1727.49,2026-07-17,captured
ord_99_00421,pay_99_00421,6095.75,2026-07-17,captured
ord_99_00422,pay_99_00422,3069.00,2026-07-17,captured
ord_99_00423,pay_99_00423,3034.50,2026-07-17,captured
ord_99_00424,pay_99_00424,4726.49,2026-07-17,captured
ord_99_00426,pay_99_00426,10973.99,2026-07-17,captured
ord_99_00427,pay_99_00427,6027.75,2026-07-17,captured
ord_99_00428,pay_99_00428,5671.00,2026-07-17,captured
ord_99_00429,pay_99_00429,9583.99,2026-07-17,captured
ord_99_00430,pay_99_00430,3717.99,2026-07-17,captured
ord_99_00431,pay_99_00431,11270.00,2026-07-17,captured
ord_99_00432,pay_99_00432,8521.75,2026-07-17,captured
ord_99_00433,pay_99_00433,4884.49,2026-07-17,captured
ord_99_00434,pay_99_00434,460.99,2026-07-19,captured
ord_99_00435,pay_99_00435,9696.50,2026-07-19,captured
ord_99_00436,pay_99_00436,11951.00,2026-07-19,captured
ord_99_00437,pay_99_00437,5352.25,2026-07-19,captured
ord_99_00439,pay_99_00439,6159.25,2026-07-19,captured
ord_99_00440,pay_99_00440,4556.50,2026-07-19,captured
ord_99_00441,pay_99_00441,10543.25,2026-07-19,captured
ord_99_00442,pay_99_00442,9384.49,2026-07-19,captured
ord_99_00443,pay_99_00443,7056.75,2026-07-19,captured
ord_99_00444,pay_99_00444,4910.00,2026-07-19,captured
ord_99_00445,pay_99_00445,3960.49,2026-07-19,captured
ord_99_00446,pay_99_00446,3175.49,2026-07-19,captured
ord_99_00447,pay_99_00447,9889.00,2026-07-19,captured
ord_99_00448,pay_99_00448,7582.49,2026-07-19,captured
ord_99_00449,pay_99_00449,7537.50,2026-07-21,captured
ord_99_00450,pay_99_00450,7107.00,2026-07-21,captured
ord_99_00451,pay_99_00451,1552.00,2026-07-21,captured
ord_99_00452,pay_99_00452,3055.25,2026-07-21,captured
ord_99_00453,pay_99_00453,9511.75,2026-07-21,captured
ord_99_00454,pay_99_00454,6000.49,2026-07-21,captured
ord_99_00455,pay_99_00455,2070.50,2026-07-21,captured
ord_99_00456,pay_99_00456,3645.00,2026-07-21,captured
ord_99_00457,pay_99_00457,7626.75,2026-07-21,captured
ord_99_00459,pay_99_00459,4719.00,2026-07-21,captured
ord_99_00460,pay_99_00460,3612.75,2026-07-21,captured
ord_99_00461,pay_99_00461,8791.49,2026-07-21,captured
ord_99_00463,pay_99_00463,5658.00,2026-07-21,captured
ord_99_00464,pay_99_00464,5873.00,2026-07-21,captured
ord_99_00465,pay_99_00465,8852.25,2026-07-21,captured
ord_99_00466,pay_99_00466,1719.75,2026-07-21,captured
ord_99_00467,pay_99_00467,9649.75,2026-07-21,captured
ord_99_00468,pay_99_00468,1138.99,2026-07-21,captured
ord_99_00469,pay_99_00469,1972.25,2026-07-21,captured
ord_99_00470,pay_99_00470,4945.99,2026-07-21,captured
ord_99_00471,pay_99_00471,7843.25,2026-07-23,captured
ord_99_00474,pay_99_00474,2381.00,2026-07-23,captured
ord_99_00475,pay_99_00475,1684.25,2026-07-23,captured
ord_99_00476,pay_99_00476,3660.25,2026-07-23,captured
ord_99_00478,pay_99_00478,4183.49,2026-07-23,captured
ord_99_00479,pay_99_00479,658.00,2026-07-23,captured
ord_99_00481,pay_99_00481,9221.25,2026-07-23,captured
ord_99_00482,pay_99_00482,1192.25,2026-07-23,captured
ord_99_00483,pay_99_00483,11849.49,2026-07-23,captured
ord_99_00484,pay_99_00484,6589.25,2026-07-23,captured
ord_99_00485,pay_99_00485,6212.99,2026-07-23,captured
ord_99_00486,pay_99_00486,11500.00,2026-07-23,captured
ord_99_00487,pay_99_00487,2957.75,2026-07-23,captured
ord_99_00488,pay_99_00488,3188.00,2026-07-23,captured
ord_99_00489,pay_99_00489,3226.00,2026-07-23,captured
ord_99_00490,pay_99_00490,1790.25,2026-07-23,captured
ord_99_00491,pay_99_00491,6705.00,2026-07-23,captured
ord_99_00493,pay_99_00493,9091.49,2026-07-23,captured
ord_99_00494,pay_99_00494,10137.49,2026-07-23,captured
ord_99_00495,pay_99_00495,10081.99,2026-07-23,captured
ord_99_00496,pay_99_00496,3735.49,2026-07-23,captured
ord_99_00497,pay_99_00497,3462.25,2026-07-23,captured
ord_99_00498,pay_99_00498,7740.00,2026-07-25,captured
ord_99_00499,pay_99_00499,10027.25,2026-07-25,captured
ord_99_00500,pay_99_00500,1911.99,2026-07-25,captured
ord_99_00501,pay_99_00501,5047.25,2026-07-25,captured
ord_99_00502,pay_99_00502,8695.25,2026-07-25,captured
ord_99_00503,pay_99_00503,3425.00,2026-07-25,captured
ord_99_00504,pay_99_00504,9470.00,2026-07-25,captured
ord_99_00505,pay_99_00505,504.75,2026-07-25,captured
ord_99_00506,pay_99_00506,5254.25,2026-07-25,captured
ord_99_00507,pay_99_00507,703.00,2026-07-25,captured
ord_99_00508,pay_99_00508,7979.25,2026-07-25,captured
ord_99_00509,pay_99_00509,7342.75,2026-07-25,captured
ord_99_00511,pay_99_00511,1152.00,2026-07-25,captured
ord_99_00512,pay_99_00512,5995.25,2026-07-25,captured
ord_99_00514,pay_99_00514,4158.50,2026-07-25,captured
ord_99_00515,pay_99_00515,11459.25,2026-07-25,captured
ord_99_00516,pay_99_00516,5553.50,2026-07-25,captured
ord_99_00517,pay_99_00517,485.50,2026-07-25,captured
ord_99_00518,pay_99_00518,2659.25,2026-07-25,captured
ord_99_00519,pay_99_00519,875.99,2026-07-25,captured
ord_99_00521,pay_99_00521,10622.75,2026-07-25,captured
ord_99_00522,pay_99_00522,7509.00,2026-07-27,captured
ord_99_00523,pay_99_00523,3832.75,2026-07-27,captured
ord_99_00524,pay_99_00524,11891.50,2026-07-27,captured
ord_99_00525,pay_99_00525,3648.25,2026-07-27,captured
ord_99_00526,pay_99_00526,2611.25,2026-07-27,captured
ord_99_00527,pay_99_00527,4443.00,2026-07-27,captured
ord_99_00528,pay_99_00528,1889.00,2026-07-27,captured
ord_99_00529,pay_99_00529,5173.25,2026-07-27,captured
ord_99_00530,pay_99_00530,11754.00,2026-07-27,captured
ord_99_00531,pay_99_00531,707.00,2026-07-27,captured
ord_99_00532,pay_99_00532,2852.50,2026-07-27,captured
ord_99_00533,pay_99_00533,1102.25,2026-07-27,captured
ord_99_00535,pay_99_00535,2644.00,2026-07-27,captured
ord_99_00538,pay_99_00538,4568.50,2026-07-27,captured
ord_99_00539,pay_99_00539,2372.75,2026-07-27,captured
ord_99_00540,pay_99_00540,8068.00,2026-07-27,captured
ord_99_00541,pay_99_00541,8941.50,2026-07-29,captured
ord_99_00542,pay_99_00542,7484.00,2026-07-29,captured
ord_99_00543,pay_99_00543,2083.25,2026-07-29,captured
ord_99_00544,pay_99_00544,4495.00,2026-07-29,captured
ord_99_00545,pay_99_00545,4061.99,2026-07-29,captured
ord_99_00546,pay_99_00546,2319.50,2026-07-29,captured
ord_99_00547,pay_99_00547,9045.99,2026-07-29,captured
ord_99_00549,pay_99_00549,4137.50,2026-07-29,captured
ord_99_00550,pay_99_00550,11138.00,2026-07-29,captured
ord_99_00551,pay_99_00551,9235.49,2026-07-29,captured
ord_99_00553,pay_99_00553,9038.99,2026-07-29,captured
ord_99_00554,pay_99_00554,3659.25,2026-07-29,captured
ord_99_00555,pay_99_00555,1567.75,2026-07-29,captured
ord_99_00556,pay_99_00556,2552.25,2026-07-31,captured
ord_99_00558,pay_99_00558,2983.00,2026-07-31,captured
ord_99_00559,pay_99_00559,3856.00,2026-07-31,captured
ord_99_00561,pay_99_00561,3431.00,2026-07-31,captured
ord_99_00562,pay_99_00562,7923.00,2026-07-31,captured
ord_99_00563,pay_99_00563,11071.00,2026-07-31,captured
ord_99_00564,pay_99_00564,1832.00,2026-07-31,captured
ord_99_00565,pay_99_00565,8379.25,2026-07-31,captured
ord_99_00566,pay_99_00566,6890.49,2026-07-31,captured
ord_99_00567,pay_99_00567,8956.99,2026-07-31,captured
ord_99_00568,pay_99_00568,5872.99,2026-07-31,captured
ord_99_00569,pay_99_00569,10016.75,2026-07-31,captured
ord_99_00571,pay_99_00571,11303.49,2026-07-31,captured
ord_99_00572,pay_99_00572,10781.00,2026-07-31,captured
ord_99_00573,pay_99_00573,7064.75,2026-07-31,captured
ord_99_00574,pay_99_00574,9020.00,2026-07-31,captured
ord_99_00576,pay_99_00576,8410.25,2026-07-31,captured
ord_99_00577,pay_99_00577,5002.00,2026-07-31,captured
ord_99_00578,pay_99_00578,2031.00,2026-07-31,captured
ord_99_00579,pay_99_00579,9289.50,2026-07-31,captured
ord_99_00580,pay_99_00580,8592.25,2026-07-31,captured
ord_99_00581,pay_99_00581,4758.00,2026-08-02,captured
ord_99_00582,pay_99_00582,7708.75,2026-08-02,captured
ord_99_00583,pay_99_00583,5121.00,2026-08-02,captured
ord_99_00585,pay_99_00585,5783.25,2026-08-02,captured
ord_99_00586,pay_99_00586,5912.00,2026-08-02,captured
ord_99_00587,pay_99_00587,5398.99,2026-08-02,captured
ord_99_00588,pay_99_00588,9277.00,2026-08-02,captured
ord_99_00589,pay_99_00589,9565.25,2026-08-02,captured
ord_99_00590,pay_99_00590,11463.49,2026-08-04,captured
ord_99_00591,pay_99_00591,4459.00,2026-08-04,captured
ord_99_00592,pay_99_00592,4817.75,2026-08-04,captured
ord_99_00593,pay_99_00593,8036.00,2026-08-04,captured
ord_99_00594,pay_99_00594,3713.49,2026-08-04,captured
ord_99_00595,pay_99_00595,10367.99,2026-08-04,captured
ord_99_00596,pay_99_00596,8681.50,2026-08-04,captured
ord_99_00598,pay_99_00598,9322.49,2026-08-04,captured
ord_99_00599,pay_99_00599,3888.75,2026-08-04,captured
ord_99_00601,pay_99_00601,5576.99,2026-08-04,captured
ord_99_00602,pay_99_00602,2090.00,2026-08-04,captured
ord_99_00603,pay_99_00603,289.00,2026-08-04,captured
ord_99_00604,pay_99_00604,3297.25,2026-08-04,captured
ord_99_00605,pay_99_00605,3982.00,2026-08-04,captured
ord_99_00606,pay_99_00606,8764.00,2026-08-04,captured
ord_99_00607,pay_99_00607,10166.50,2026-08-04,captured
ord_99_00608,pay_99_00608,6643.50,2026-08-06,captured
ord_99_00609,pay_99_00609,9623.99,2026-08-06,captured
ord_99_00610,pay_99_00610,11435.49,2026-08-06,captured
ord_99_00611,pay_99_00611,1500.49,2026-08-06,captured
ord_99_00612,pay_99_00612,7292.00,2026-08-06,captured
ord_99_00613,pay_99_00613,362.00,2026-08-06,captured
ord_99_00614,pay_99_00614,8479.49,2026-08-06,captured
ord_99_00616,pay_99_00616,2342.49,2026-08-06,captured
ord_99_00617,pay_99_00617,5492.50,2026-08-06,captured
ord_99_00618,pay_99_00618,1060.75,2026-08-06,captured
ord_99_00620,pay_99_00620,4875.50,2026-08-06,captured
ord_99_00621,pay_99_00621,2623.25,2026-08-06,captured
ord_99_00622,pay_99_00622,11453.75,2026-08-06,captured
ord_99_00624,pay_99_00624,3340.00,2026-08-06,captured
ord_99_00626,pay_99_00626,7042.49,2026-08-06,captured
ord_99_00627,pay_99_00627,8928.99,2026-08-08,captured
ord_99_00628,pay_99_00628,362.50,2026-08-08,captured
ord_99_00629,pay_99_00629,4492.99,2026-08-08,captured
ord_99_00630,pay_99_00630,6102.49,2026-08-08,captured
ord_99_00631,pay_99_00631,11478.25,2026-08-08,captured
ord_99_00632,pay_99_00632,6178.75,2026-08-08,captured
ord_99_00633,pay_99_00633,11132.00,2026-08-08,captured
ord_99_00634,pay_99_00634,4841.00,2026-08-08,captured
ord_99_00635,pay_99_00635,6717.50,2026-08-08,captured
ord_99_00636,pay_99_00636,834.75,2026-08-08,captured
ord_99_00637,pay_99_00637,3661.50,2026-08-08,captured
ord_99_00638,pay_99_00638,8814.99,2026-08-08,captured
ord_99_00639,pay_99_00639,9979.00,2026-08-08,captured
ord_99_00641,pay_99_00641,11441.99,2026-08-08,captured
ord_99_00642,pay_99_00642,3730.25,2026-08-08,captured
ord_99_00643,pay_99_00643,8006.50,2026-08-08,captured
ord_99_00644,pay_99_00644,9697.00,2026-08-08,captured
ord_99_00645,pay_99_00645,10536.00,2026-08-08,captured
ord_99_00646,pay_99_00646,8198.49,2026-08-08,captured
ord_99_00647,pay_99_00647,5068.75,2026-08-08,captured
ord_99_00648,pay_99_00648,9042.50,2026-08-08,captured
ord_99_00649,pay_99_00649,4663.00,2026-08-08,captured
ord_99_00650,pay_99_00650,6312.00,2026-08-10,captured
ord_99_00651,pay_99_00651,4376.99,2026-08-10,captured
ord_99_00652,pay_99_00652,2543.75,2026-08-10,captured
ord_99_00654,pay_99_00654,2320.00,2026-08-10,captured
ord_99_00655,pay_99_00655,5092.99,2026-08-10,captured
ord_99_00656,pay_99_00656,8274.99,2026-08-10,captured
ord_99_00659,pay_99_00659,3055.00,2026-08-10,captured
ord_99_00660,pay_99_00660,3013.49,2026-08-10,captured
ord_99_00661,pay_99_00661,3814.00,2026-08-10,captured
ord_99_00662,pay_99_00662,2704.25,2026-08-10,captured
ord_99_00663,pay_99_00663,9866.50,2026-08-10,captured
ord_99_00664,pay_99_00664,7350.49,2026-08-10,captured
ord_99_00665,pay_99_00665,4777.00,2026-08-10,captured
ord_99_00666,pay_99_00666,11574.99,2026-08-10,captured
ord_99_00667,pay_99_00667,11195.49,2026-08-10,captured
ord_99_00668,pay_99_00668,6294.99,2026-08-10,captured
ord_99_00670,pay_99_00670,2232.50,2026-08-10,captured
ord_99_00671,pay_99_00671,7119.99,2026-08-10,captured
ord_99_00672,pay_99_00672,6580.99,2026-08-12,captured
ord_99_00673,pay_99_00673,5720.75,2026-08-12,captured
ord_99_00674,pay_99_00674,3670.25,2026-08-12,captured
ord_99_00676,pay_99_00676,5833.99,2026-08-12,captured
ord_99_00677,pay_99_00677,11174.50,2026-08-12,captured
ord_99_00678,pay_99_00678,4036.25,2026-08-12,captured
ord_99_00679,pay_99_00679,2320.00,2026-08-12,captured
ord_99_00680,pay_99_00680,9749.00,2026-08-12,captured
ord_99_00682,pay_99_00682,6965.99,2026-08-12,captured
ord_99_00683,pay_99_00683,5800.50,2026-08-12,captured
ord_99_00684,pay_99_00684,271.49,2026-08-12,captured
ord_99_00685,pay_99_00685,990.00,2026-08-12,captured
ord_99_00687,pay_99_00687,8486.75,2026-08-14,captured
ord_99_00688,pay_99_00688,7140.49,2026-08-14,captured
ord_99_00689,pay_99_00689,5216.00,2026-08-14,captured
ord_99_00691,pay_99_00691,2135.49,2026-08-14,captured
ord_99_00692,pay_99_00692,3988.25,2026-08-14,captured
ord_99_00693,pay_99_00693,8294.00,2026-08-14,captured
ord_99_00694,pay_99_00694,4035.75,2026-08-14,captured
ord_99_00695,pay_99_00695,9676.00,2026-08-14,captured
ord_99_00696,pay_99_00696,7115.50,2026-08-14,captured
ord_99_00697,pay_99_00697,8039.49,2026-08-14,captured
ord_99_00698,pay_99_00698,526.49,2026-08-14,captured
ord_99_00699,pay_99_00699,2793.00,2026-08-14,captured
ord_99_00700,pay_99_00700,6293.75,2026-08-14,captured
ord_99_00701,pay_99_00701,736.50,2026-08-14,captured
ord_99_00702,pay_99_00702,413.50,2026-08-14,captured
ord_99_00703,pay_99_00703,4292.75,2026-08-14,captured
ord_99_00704,pay_99_00704,9535.00,2026-08-14,captured
ord_99_00705,pay_99_00705,9244.00,2026-08-14,captured
ord_99_00706,pay_99_00706,5342.00,2026-08-14,captured
ord_99_00707,pay_99_00707,11694.50,2026-08-14,captured
ord_99_00709,pay_99_00709,8826.00,2026-08-14,captured
ord_99_00710,pay_99_00710,9815.75,2026-08-14,captured
ord_99_00712,pay_99_00712,992.50,2026-08-16,captured
ord_99_00713,pay_99_00713,2169.49,2026-08-16,captured
ord_99_00714,pay_99_00714,985.00,2026-08-16,captured
ord_99_00715,pay_99_00715,11966.49,2026-08-16,captured
ord_99_00716,pay_99_00716,7291.75,2026-08-16,captured
ord_99_00717,pay_99_00717,7678.00,2026-08-16,captured
ord_99_00718,pay_99_00718,5966.25,2026-08-16,captured
ord_99_00719,pay_99_00719,1773.75,2026-08-16,captured
ord_99_00720,pay_99_00720,4868.75,2026-08-16,captured
ord_99_00721,pay_99_00721,11776.00,2026-08-16,captured
